assists_diff,assistsTurnoverRatio_diff,benchPoints_diff,biggestLead_diff,biggestScoringRun_diff,blocks_diff,blocksReceived_diff,fastBreakPointsAttempted_diff,fastBreakPointsMade_diff,fastBreakPointsPercentage_diff,fieldGoalsAttempted_diff,fieldGoalsEffectiveAdjusted_diff,fieldGoalsMade_diff,fieldGoalsPercentage_diff,foulsOffensive_diff,foulsDrawn_diff,foulsPersonal_diff,foulsTeam_diff,foulsTechnical_diff,foulsTeamTechnical_diff,freeThrowsAttempted_diff,freeThrowsMade_diff,freeThrowsPercentage_diff,leadChanges_diff,points_diff,pointsAgainst_diff,pointsFastBreak_diff,pointsFromTurnovers_diff,pointsInThePaint_diff,pointsInThePaintAttempted_diff,pointsInThePaintMade_diff,pointsInThePaintPercentage_diff,pointsSecondChance_diff,reboundsDefensive_diff,reboundsOffensive_diff,reboundsPersonal_diff,reboundsTeam_diff,reboundsTeamDefensive_diff,reboundsTeamOffensive_diff,reboundsTotal_diff,secondChancePointsAttempted_diff,secondChancePointsMade_diff,secondChancePointsPercentage_diff,steals_diff,threePointersAttempted_diff,threePointersMade_diff,threePointersPercentage_diff,timesTied_diff,trueShootingAttempts_diff,trueShootingPercentage_diff,turnovers_diff,turnoversTeam_diff,turnoversTotal_diff,twoPointersAttempted_diff,twoPointersMade_diff,twoPointersPercentage_diff,assists_ratio,assistsTurnoverRatio_ratio,benchPoints_ratio,biggestLead_ratio,biggestScoringRun_ratio,blocks_ratio,blocksReceived_ratio,fastBreakPointsAttempted_ratio,fastBreakPointsMade_ratio,fastBreakPointsPercentage_ratio,fieldGoalsAttempted_ratio,fieldGoalsEffectiveAdjusted_ratio,fieldGoalsMade_ratio,fieldGoalsPercentage_ratio,foulsOffensive_ratio,foulsDrawn_ratio,foulsPersonal_ratio,foulsTeam_ratio,foulsTechnical_ratio,foulsTeamTechnical_ratio,freeThrowsAttempted_ratio,freeThrowsMade_ratio,freeThrowsPercentage_ratio,leadChanges_ratio,points_ratio,pointsAgainst_ratio,pointsFastBreak_ratio,pointsFromTurnovers_ratio,pointsInThePaint_ratio,pointsInThePaintAttempted_ratio,pointsInThePaintMade_ratio,pointsInThePaintPercentage_ratio,pointsSecondChance_ratio,reboundsDefensive_ratio,reboundsOffensive_ratio,reboundsPersonal_ratio,reboundsTeam_ratio,reboundsTeamDefensive_ratio,reboundsTeamOffensive_ratio,reboundsTotal_ratio,secondChancePointsAttempted_ratio,secondChancePointsMade_ratio,secondChancePointsPercentage_ratio,steals_ratio,threePointersAttempted_ratio,threePointersMade_ratio,threePointersPercentage_ratio,timesTied_ratio,trueShootingAttempts_ratio,trueShootingPercentage_ratio,turnovers_ratio,turnoversTeam_ratio,turnoversTotal_ratio,twoPointersAttempted_ratio,twoPointersMade_ratio,twoPointersPercentage_ratio
1,0.49650349650350023,4,14,1,7,-2,5,3,-0.047619047619048005,4,0.007981492192019046,-1,-0.030884904569116023,-1,-1,-8,-7,0,0,-7,-6,-0.0038461538461539435,8,0,-18,7,0,-10,-7,-5,-0.03065774804905197,0,8,1,9,-2,0,-2,7,2,0,-0.07142857142857101,2,12,8,0.07060121345835696,3,0.9200000000000017,-0.005445760464535043,-1,-1,-2,-8,-9,-0.09903381642512105,1.0344827586206897,1.2225705329153622,1.2666666666666666,1.9333333333333333,1.125,7.999999999999998,0.6,1.7142857142857142,1.6,0.9333333333333325,1.043956043956044,1.014241486068112,0.9772727272727273,0.9361244019138734,0.0,0.9375,0.5294117647058824,0.5625,0.0,0.0,0.65,0.6470588235294118,0.9954751131221715,3.602879701896397e+16,1.0,0.8392857142857143,1.5833333333333333,1.0,0.8,0.8478260869565217,0.8,0.943589743589744,1.0,1.2666666666666666,1.0714285714285714,1.2045454545454546,0.75,1.0,0.6666666666666666,1.1346153846153846,1.1666666666666667,1.0,0.8571428571428577,1.3333333333333333,1.3243243243243243,1.5714285714285714,1.1865889212828,1.3510798882111488e+16,1.0092184368737476,0.9908657664813342,0.9,0.6666666666666666,0.8461538461538461,0.8518518518518519,0.7,0.821739130434782
11,0.8125,19,27,1,-3,0,4,2,-0.025974025974026094,1,0.137997861534349,6,0.06402031542368303,1,0,-4,-5,1,0,8,7,0.020833333333334036,-20,32,13,6,9,-8,-9,-4,0.048262548262547944,15,-11,2,-9,0,0,0,-9,0,4,0.33333333333333304,1,11,13,0.197948717948718,-10,4.519999999999996,0.13960146050299793,0,-1,-1,-10,-7,-0.03967797584818811,1.5789473684210527,1.6842105263157892,1.826086956521739,4.0,1.1111111111111112,0.6666666666666666,1.0,1.5714285714285714,1.5,0.9545454545454539,1.0116279069767442,1.279242731575388,1.162162162162162,1.1488039763901816,1.3333333333333333,1.0,0.8095238095238095,0.7222222222222222,4503599627370496.0,0.0,1.5,1.5384615384615385,1.0256410256410262,0.0,1.3265306122448979,1.1428571428571428,1.5,1.6923076923076923,0.8181818181818182,0.7567567567567568,0.8181818181818182,1.0811688311688301,3.142857142857143,0.7380952380952381,1.2,0.8269230769230769,1.0,1.0,1.0,0.85,1.0,2.3333333333333335,2.33333333333333,1.125,1.2820512820512822,2.1818181818181817,1.7018181818181808,0.23076923076923078,1.0485812553740326,1.2650718343918146,1.0,0.5,0.9375,0.7872340425531915,0.7307692307692307,0.9282744282744289
15,2.03333333333333,-2,-2,0,4,1,-2,0,0.10714285714285698,2,0.19727495802660405,9,0.09130827844504696,1,-7,-5,-6,0,0,-15,-15,-0.15734265734265684,-4,22,19,5,-5,-18,-12,-9,-0.038383838383838076,-5,-8,-9,-17,1,1,0,-16,-8,-2,0.23809523809523697,1,21,19,0.293103448275862,2,-4.599999999999994,0.14336392826126798,-4,-1,-5,-19,-10,0.012378426171529955,1.9375,2.9062499999999902,0.9,0.9090909090909091,1.0,4.999999999999999,1.5,0.8571428571428571,1.0,1.166666666666666,1.0229885057471264,1.418607837763769,1.236842105263158,1.2090479006505017,4503599627370496.0,0.631578947368421,0.7222222222222222,0.6666666666666666,0.0,0.0,0.4230769230769231,0.34782608695652173,0.8221343873517789,0.42857142857142855,1.2095238095238094,1.2043010752688172,1.263157894736842,0.782608695652174,0.6896551724137931,0.7333333333333333,0.6896551724137931,0.9404388714733544,0.6875,0.7714285714285715,0.4,0.66,1.2,1.9999999999999996,1.0,0.7090909090909091,0.42857142857142855,0.6666666666666666,1.5555555555555516,1.0909090909090908,1.7241379310344827,4.166666666666667,2.416666666666663,2.9999999999999996,0.9532710280373833,1.2688141923436036,0.6666666666666666,0.6666666666666666,0.6666666666666666,0.6724137931034483,0.6875,1.0224358974358976
-7,0.31623931623932,-11,-11,8,4,3,3,0,-0.20454545454545503,13,-0.018849752339020975,3,-0.038937809576225,-1,2,-1,0,0,0,4,5,0.09473684210526301,6,17,28,-5,1,-2,2,-1,-0.06839826839826901,10,-10,5,-5,0,0,0,-5,7,4,0.029411764705882026,1,9,6,0.058163265306122036,0,14.760000000000005,-0.006364936695187007,-4,0,-4,4,-3,-0.1317829457364339,0.78125,1.1284722222222239,0.6333333333333333,0.6666666666666666,1.6666666666666667,2.0,1.75,1.375,1.0,0.7272727272727264,1.1645569620253164,0.9683163737280283,1.075,0.9230978260869552,0.6666666666666666,1.125,0.9333333333333333,1.0,0.0,0.0,1.2666666666666666,1.4166666666666667,1.1184210526315785,2.7021597764222976e+16,1.1603773584905661,1.3544303797468353,0.7368421052631579,1.0666666666666667,0.9565217391304348,1.0606060606060606,0.9565217391304348,0.9018633540372659,1.8333333333333333,0.7619047619047619,1.5555555555555556,0.9019607843137255,1.0,1.0,1.0,0.9137931034482759,1.7,1.8,1.0588235294117636,1.25,1.225,1.4285714285714286,1.1661807580174908,0.0,1.1724299065420563,0.9897200267715467,0.6666666666666666,0.9999999999999998,0.6923076923076923,1.1025641025641026,0.8846153846153846,0.8023255813953487
15,10.428571428571395,16,19,1,5,0,10,8,0.21428571428571397,20,0.18374999999999997,23,0.16499999999999998,-3,-7,-3,0,-2,0,-4,-4,-0.08333333333333404,-1,48,20,18,0,30,17,15,0.14349489795918402,2,-3,-2,-5,1,1,0,-4,2,2,0.08035714285714302,-2,0,6,0.15,-4,18.239999999999995,0.155310628240658,-16,-2,-18,20,17,0.141666666666667,1.7894736842105263,12.52631578947364,1.8421052631578947,4.8,1.1,2.0,1.0,3.5,5.0,1.4285714285714273,1.25,1.4819672131147532,1.8846153846153846,1.5076923076923066,0.0,0.6111111111111112,0.7857142857142857,1.0,0.0,0.0,0.75,0.6666666666666666,0.8888888888888877,0.8,1.6575342465753424,1.2531645569620253,4.6,1.0,2.0,1.53125,2.0,1.306122448979592,1.1333333333333333,0.9117647058823529,0.875,0.9,1.1,1.5,1.0,0.9333333333333333,1.1428571428571428,1.4,1.2249999999999999,0.7777777777777778,1.0,1.6666666666666667,1.666666666666665,0.2,1.2095588235294117,1.3703626597826535,0.15789473684210525,0.0,0.14285714285714285,1.5,2.0,1.3333333333333335
9,1.16666666666667,5,-11,0,-6,-9,-3,-1,0.09999999999999998,15,-0.013129544842444996,8,0.008349043899812059,0,2,-2,-2,0,-1,5,4,0.01923076923076905,4,19,33,-2,14,24,10,12,0.15131578947368401,3,-2,2,0,-1,-3,2,-1,2,1,-0.01666666666666694,0,6,-1,-0.10023310023309995,8,17.200000000000003,-0.007152844250864043,-3,-1,-4,9,9,0.08537549407114703,1.45,1.9333333333333358,1.2272727272727273,0.5769230769230769,1.0,0.4,0.1,0.625,0.75,1.1999999999999995,1.1898734177215189,0.9774514338575397,1.2105263157894737,1.0173572228443457,0.9999999999999998,1.1666666666666667,0.8571428571428571,0.8461538461538461,0.9999999999999998,0.0,1.625,1.6666666666666667,1.025641025641025,1.8014398509481984e+16,1.1938775510204083,1.445945945945946,0.7777777777777778,8.0,1.6666666666666667,1.263157894736842,1.6666666666666667,1.3194444444444433,1.2142857142857142,0.9375,1.1818181818181819,1.0,0.875,0.4,1.6666666666666667,0.9803921568627451,1.2,1.1666666666666667,0.9722222222222214,1.0,1.1818181818181819,0.9375,0.7932692307692311,3.602879701896397e+16,1.2084343189529811,0.9879540263758915,0.8,0.0,0.75,1.1956521739130435,1.4090909090909092,1.1785123966942161
-3,-0.25,-24,5,-2,-3,-1,1,-4,-0.401515151515151,-8,0.046342546342545976,3,0.06671106671106697,-1,6,0,1,2,1,14,8,-0.08727272727272706,2,9,-1,-14,-3,14,8,7,0.06321553011448505,-4,11,-4,7,0,-1,1,7,-1,-1,-0.04166666666666702,-2,-14,-5,-0.018218623481781993,4,-1.8400000000000034,0.052803710081875954,1,-1,0,6,8,0.09795262946607802,0.8888888888888888,0.8888888888888888,0.29411764705882354,2.251799813685248e+16,0.8,0.5,0.8,1.0909090909090908,0.5555555555555556,0.5092592592592596,0.9191919191919192,1.0997372193024353,1.0789473684210527,1.1737998843262,0.5,1.4615384615384615,1.0,1.0625,9007199254740992.0,4503599627370496.0,2.272727272727273,2.0,0.88,9007199254740992.0,1.09,0.9913793103448276,0.44,0.6666666666666666,1.35,1.1951219512195121,1.35,1.129591836734694,0.7333333333333333,1.4782608695652173,0.7647058823529411,1.175,1.0,0.6666666666666666,1.1666666666666667,1.1428571428571428,0.9375,0.8333333333333334,0.8888888888888874,0.75,0.7307692307692307,0.6875,0.940789473684208,3.0,0.9822804314329737,1.1096627450980396,1.0909090909090908,0.0,1.0,1.127659574468085,1.3636363636363635,1.2092624356775297
-8,-0.82051282051282,-26,7,1,0,-2,9,1,-0.615384615384615,7,-0.081395348837209,-3,-0.06901725431357897,1,-1,0,-1,0,0,2,4,0.216666666666666,3,-3,7,1,5,6,12,3,-0.08333333333333304,4,2,4,6,2,2,0,8,2,2,0.12121212121212205,-2,-1,-1,-0.015519568151147023,1,7.8799999999999955,-0.06271363019150611,4,-3,1,8,-2,-0.11682785299806608,0.75,0.6923076923076927,0.4090909090909091,1.4666666666666666,1.0769230769230769,1.0,0.6,3.25,1.25,0.3846153846153849,1.0813953488372092,0.8600000000000001,0.9285714285714286,0.8586789554531474,4503599627370496.0,0.9090909090909091,1.0,0.9230769230769231,0.0,0.0,1.2,1.5714285714285714,1.3095238095238082,1.6,0.9719626168224299,1.0714285714285714,1.0909090909090908,1.3571428571428572,1.1428571428571428,1.3333333333333333,1.1428571428571428,0.8571428571428572,1.5,1.054054054054054,1.4,1.127659574468085,1.2857142857142858,2.0,1.0,1.1481481481481481,1.2222222222222223,1.6666666666666667,1.3636363636363655,0.75,0.9743589743589743,0.9375,0.9621710526315785,1.3333333333333333,1.0871681415929202,0.8940315482371557,1.4444444444444444,0.0,1.0833333333333333,1.1702127659574468,0.9230769230769231,0.7888111888111878
12,2.60576923076923,23,56,0,2,-2,4,9,0.36250000000000004,1,0.25071271929824596,18,0.18366228070175405,1,-6,4,3,0,1,-13,-8,0.10984848484848397,4,41,-22,26,3,10,-7,5,0.19387755102040805,-7,5,-10,-5,-7,-2,-5,-12,-7,-2,0.09999999999999998,3,10,13,0.20251177394034497,4,-4.719999999999999,0.22524135646323007,-5,0,-5,-9,5,0.18503039513677805,1.5217391304347827,2.47282608695652,1.696969696969697,2.5220157913274778e+17,1.0,1.6666666666666667,0.6,1.25,2.2857142857142856,1.8285714285714278,1.0105263157894737,1.5809197154471546,1.5142857142857142,1.4985119047619029,1.9999999999999996,0.6842105263157895,1.2666666666666666,1.2142857142857142,0.0,4503599627370496.0,0.4583333333333333,0.5294117647058824,1.1550802139037415,1.8014398509481984e+16,1.4141414141414141,0.8,2.625,1.25,1.2272727272727273,0.8571428571428571,1.2272727272727273,1.4318181818181805,0.5625,1.1282051282051282,0.4117647058823529,0.9107142857142857,0.36363636363636365,0.3333333333333333,0.375,0.8208955223880597,0.5333333333333333,0.6666666666666666,1.2499999999999993,1.4285714285714286,1.2564102564102564,2.0833333333333335,1.6581632653061193,1.8014398509481984e+16,0.9552860932171278,1.4803328805708793,0.5833333333333334,0.9999999999999998,0.6153846153846154,0.8392857142857143,1.2173913043478262,1.4505087881591108
6,1.5897435897435899,11,23,-2,3,-1,2,2,0.0952380952380949,11,0.207062291720071,21,0.17969751345808804,-2,-9,-5,-3,0,0,-10,-3,0.304347826086956,-4,46,-5,7,-6,36,17,18,0.22460317460317497,2,13,-4,9,-8,0,-8,1,-1,3,0.377777777777778,-2,-3,7,0.18402426693629897,-2,6.599999999999994,0.197951170493877,-2,-2,-4,14,14,0.14838367779544204,1.2222222222222223,1.765432098765431,1.5,5.6,0.8,1.6,0.8,1.2857142857142858,1.5,1.1666666666666656,1.1325301204819278,1.452267637178049,1.6774193548387097,1.481125600549074,0.3333333333333333,0.5714285714285714,0.75,0.8235294117647058,0.0,0.0,0.5652173913043478,0.8125,1.4374999999999984,0.2,1.5,0.9565217391304348,1.6363636363636365,0.6842105263157895,2.3846153846153846,1.6071428571428572,2.3846153846153846,1.483760683760684,1.1538461538461537,1.52,0.6923076923076923,1.236842105263158,0.3333333333333333,1.0,0.1111111111111111,1.02,0.9,1.75,1.9444444444444438,0.6666666666666666,0.9347826086956522,1.5,1.6046511627906945,0.3333333333333333,1.0708762886597938,1.4007220216606475,0.8181818181818182,0.0,0.6923076923076923,1.3783783783783783,1.8235294117647058,1.322952710495961
-10,-0.71428571428571,-9,7,8,5,-1,1,3,0.20454545454545503,-18,0.03363689776733292,-2,0.08137485311398396,1,8,0,-1,1,-1,16,18,0.15701415701415689,0,4,-12,14,-19,22,5,11,0.18085106382978688,-17,18,-6,12,-5,-2,-3,7,-11,-6,-0.07142857142857101,-2,-17,-10,-0.157342657342658,3,-10.959999999999994,0.08990423927175406,0,0,0,-1,8,0.16328011611030502,0.6774193548387096,0.677419354838711,0.625,1.5384615384615385,1.8888888888888888,2.25,0.8333333333333334,1.0909090909090908,1.5,1.3750000000000007,0.8043478260869565,1.0638060741153528,0.9512195121951219,1.1825972313777198,1.9999999999999996,1.5333333333333334,1.0,0.9333333333333333,4503599627370496.0,0.0,1.7619047619047619,2.125,1.2060810810810805,1.0,1.0353982300884956,0.8918918918918919,2.0,0.36666666666666664,1.5238095238095237,1.119047619047619,1.5238095238095237,1.361702127659573,0.2608695652173913,1.6206896551724137,0.6,1.2727272727272727,0.375,0.0,0.5,1.1346153846153846,0.3888888888888889,0.3333333333333333,0.8571428571428577,0.7777777777777778,0.5641025641025641,0.3333333333333333,0.5909090909090893,2.0,0.8917423943105492,1.161095666971192,1.0,0.0,1.0,0.9811320754716981,1.3076923076923077,1.3328402366863905
6,2.35714285714286,-6,16,0,1,-1,3,2,0.07142857142857106,-1,0.13000602228244496,9,0.11668172237277902,4,-1,1,-3,1,2,-4,-6,-0.1875,0,14,-14,5,6,20,9,10,0.11559507523939816,-10,1,-4,-3,-3,0,-3,-6,-7,-4,-0.11176470588235299,7,-3,2,0.08646616541353397,0,-2.760000000000005,0.099453668679795,-6,-1,-7,2,7,0.128458498023716,1.2857142857142858,2.571428571428573,0.7692307692307693,5.0,1.0,1.3333333333333333,0.75,1.75,2.0,1.1428571428571417,0.9878048780487805,1.2450688236128842,1.2432432432432432,1.2585919252585906,4.999999999999999,0.9375,1.0666666666666667,0.7857142857142857,4503599627370496.0,9007199254740992.0,0.75,0.6,0.7999999999999998,1.0,1.1372549019607843,0.8793103448275862,2.0,1.5,1.5263157894736843,1.2647058823529411,1.5263157894736843,1.2068543451652383,0.4444444444444444,1.0416666666666667,0.7333333333333333,0.9230769230769231,0.5,1.0,0.25,0.8666666666666667,0.5882352941176471,0.42857142857142855,0.7285714285714281,7.999999999999998,0.9210526315789473,1.1538461538461537,1.252747252747252,1.0,0.9690026954177897,1.1736344050833123,0.5384615384615384,0.0,0.5,1.0454545454545454,1.2916666666666667,1.2355072463768124
3,0.5952380952381,-5,-5,-3,5,-1,-8,-2,0.25,4,0.10477352447765698,7,0.061156016470947094,3,-6,3,0,-1,0,-6,-3,0.05820105820105814,3,19,16,-5,6,-10,-12,-5,0.06944444444444398,-13,-2,-7,-9,-1,0,-1,-10,-4,-4,-0.17777777777777803,-1,13,8,0.048185231539425,3,1.3599999999999994,0.09406913074282608,-2,-2,-4,-9,-1,0.10000000000000009,1.125,1.4464285714285758,0.8648648648648649,0.8076923076923077,0.7692307692307693,1.8333333333333333,0.6666666666666666,0.5,0.75,1.4999999999999993,1.0506329113924051,1.181914471071096,1.1842105263157894,1.1271401395053895,2.5,0.7391304347826086,1.2307692307692308,1.0,0.0,0.0,0.7777777777777778,0.8421052631578947,1.0827067669172927,2.5,1.1727272727272726,1.1666666666666667,0.7368421052631579,1.4285714285714286,0.75,0.6666666666666666,0.75,1.1249999999999987,0.3157894736842105,0.9393939393939394,0.4166666666666667,0.8,0.875,1.0,0.8,0.8113207547169812,0.5555555555555556,0.42857142857142855,0.7714285714285709,0.9090909090909091,1.3823529411764706,1.5333333333333334,1.1092198581560295,1.3510798882111488e+16,1.0149647887323943,1.155436410943782,0.8666666666666667,0.3333333333333333,0.7777777777777778,0.8,0.9565217391304348,1.1956521739130432
17,1.9500000000000002,38,44,7,5,-6,3,2,0.027777777777777013,6,0.21785714285714297,17,0.16111111111111093,0,-10,2,2,0,0,-12,-9,0.04166666666666807,-4,36,-32,2,5,6,-5,3,0.16365007541478105,1,23,-6,17,-5,0,-5,12,-4,1,0.284848484848485,-2,15,11,0.12068965517241403,-4,0.7199999999999989,0.18492117275505293,-2,0,-2,-9,6,0.2158102766798421,2.1333333333333333,2.5599999999999996,3.0,4.666666666666667,1.4666666666666666,2.251799813685248e+16,0.14285714285714285,1.3333333333333333,1.4,1.0499999999999983,1.0714285714285714,1.4518518518518515,1.4857142857142858,1.3866666666666652,0.0,0.5454545454545454,1.1818181818181819,1.1818181818181819,0.0,0.0,0.5,0.5263157894736842,1.05263157894737,0.0,1.36,0.7288135593220338,1.1333333333333333,1.3846153846153846,1.15,0.8717948717948718,1.15,1.3191176470588224,1.0454545454545454,2.2777777777777777,0.625,1.5,0.4444444444444444,0.9999999999999998,0.375,1.2790697674418605,0.7333333333333333,1.125,1.5340909090909092,0.75,1.5172413793103448,2.0,1.3181818181818183,0.0,1.0076142131979695,1.3497229219143552,0.8,1.0,0.8333333333333334,0.8363636363636363,1.25,1.4945652173913044
12,1.0966386554621799,-12,15,2,-3,0,-7,-4,0.08333333333333404,-9,0.08669460450497601,1,0.061550550026190975,2,5,1,-1,0,-1,11,10,0.15579710144927594,3,15,5,-9,-2,-8,-19,-4,0.18812430632630395,-12,0,-12,-12,3,2,1,-9,-9,-5,-0.12105263157894697,2,1,3,0.072072072072072,-2,-4.159999999999997,0.104191394239464,-3,0,-3,-10,-2,0.07298136645962694,1.631578947368421,1.9812030075187914,0.5,2.875,1.2222222222222223,0.25,1.0,0.5333333333333333,0.6,1.1250000000000009,0.9021739130434783,1.1661646586345367,1.0238095238095237,1.1348250143430845,2.9999999999999996,1.3125,1.0434782608695652,0.9545454545454546,0.0,0.0,1.9166666666666667,2.4285714285714284,1.2670807453416155,2.5,1.145631067961165,1.0476190476190477,0.6086956521739131,0.875,0.8620689655172413,0.6415094339622641,0.8620689655172413,1.343813387423934,0.3684210526315789,1.0,0.3684210526315789,0.7647058823529411,1.375,2.0,1.1666666666666667,0.847457627118644,0.5263157894736842,0.375,0.7125000000000002,1.5,1.0277777777777777,1.25,1.2162162162162153,0.3333333333333333,0.9572368421052632,1.1968104627498064,0.8125,0.9999999999999998,0.8235294117647058,0.8214285714285714,0.9333333333333333,1.1362318840579697
11,0.6767676767676702,-21,11,1,5,-1,-6,-2,-0.18181818181818202,-3,0.06922398589065193,1,0.02998236331569698,2,-6,-2,-4,-1,0,-6,-9,-0.207161125319694,0,-1,-19,-5,-8,-16,-10,-8,-0.05481283422459904,15,9,1,10,4,-1,5,14,3,5,0.475,-6,7,6,0.09775641025641002,-3,-5.640000000000001,0.03193664507392702,0,2,2,-10,-5,0.018315018315018028,1.6875,1.380681818181814,0.46153846153846156,3.75,1.1428571428571428,2.25,0.6666666666666666,0.45454545454545453,0.0,0.0,0.9642857142857143,1.129218106995883,1.025,1.062962962962963,9007199254740992.0,0.7,0.8666666666666667,0.7333333333333333,0.0,0.0,0.7391304347826086,0.5714285714285714,0.7731092436974779,1.0,0.990990990990991,0.848,0.0,0.5555555555555556,0.7037037037037037,0.7727272727272727,0.7037037037037037,0.9106753812636161,4.75,1.3333333333333333,1.2,1.3125,1.8,0.5,2.6666666666666665,1.3783783783783783,1.6,3.5,2.1874999999999987,0.14285714285714285,1.21875,1.6,1.312820512820511,0.4,0.9400764980875478,1.0541599465650087,1.0,9007199254740992.0,1.2222222222222223,0.8076923076923077,0.8333333333333334,1.0317460317460307
-2,-0.005494505494509916,17,15,3,3,-5,-3,1,0.277777777777778,-2,0.06024514338575404,6,0.07493061979648508,-1,12,-2,-1,0,0,17,16,0.019480519480519987,12,25,7,3,3,14,2,7,0.12,-6,8,-5,3,1,2,-1,4,-6,-1,0.155555555555556,4,-3,-3,-0.054848966613672,9,5.47999999999999,0.09112414126567603,-1,0,-1,1,9,0.14670296430732,0.9259259259259259,0.9971509971509948,4.4,6.755399441055744e+16,1.4285714285714286,2.5,0.16666666666666666,0.75,1.1666666666666667,1.5555555555555554,0.9787234042553191,1.1155723158828745,1.1428571428571428,1.1677018633540375,0.5,1.9230769230769231,0.8947368421052632,0.9411764705882353,0.0,0.0,2.5454545454545454,2.6,1.0214285714285718,5.404319552844595e+16,1.2314814814814814,1.0573770491803278,1.2,1.25,1.2916666666666667,1.0416666666666667,1.2916666666666667,1.2399999999999995,0.6470588235294118,1.25,0.6428571428571429,1.065217391304348,1.2,2.0,0.6666666666666666,1.0784313725490196,0.6,0.8333333333333334,1.3888888888888893,1.8,0.918918918918919,0.7857142857142857,0.8550420168067233,5.5,1.055443140428976,1.166790928198137,0.9285714285714286,0.0,0.9285714285714286,1.0175438596491229,1.3214285714285714,1.2986453201970434
5,-0.44285714285713995,4,-15,-4,4,-3,-12,-8,-0.04705882352941204,7,-0.003813453363340935,1,-0.031257814453612975,3,-2,4,1,0,0,-9,-6,0.10909090909090902,12,2,4,-17,-12,-14,-15,-7,0.08391261171797404,-7,11,-2,9,-1,2,-3,8,-1,-2,-0.17857142857142894,-7,22,6,-0.060468631897202973,10,3.0400000000000063,-0.009936139602762073,4,0,4,-15,-5,0.10015408320493002,1.1785714285714286,0.8418367346938785,1.2,0.4642857142857143,0.6666666666666666,1.8,0.4,0.29411764705882354,0.2727272727272727,0.9272727272727266,1.0813953488372092,0.9938699628178067,1.0208333333333333,0.9439964157706098,1.3510798882111488e+16,0.8666666666666667,1.3333333333333333,1.0833333333333333,0.0,0.0,0.55,0.625,1.136363636363636,5.404319552844595e+16,1.016260162601626,1.0353982300884956,0.2608695652173913,0.42857142857142855,0.8055555555555556,0.7169811320754716,0.8055555555555556,1.123538011695906,0.5333333333333333,1.3928571428571428,0.75,1.25,0.8333333333333334,2.9999999999999996,0.4,1.1904761904761905,0.875,0.6666666666666666,0.7619047619047612,0.46153846153846156,1.8148148148148149,1.5454545454545454,0.8515769944341376,4.503599627370496e+16,1.0320675105485233,0.9846838043196444,1.4,0.0,1.4,0.7457627118644068,0.8648648648648649,1.1597051597051582
9,-0.2727272727272698,23,32,-2,0,-8,3,3,0.09740259740259805,-1,0.12080808080808098,7,0.074848484848485,2,-1,-7,-9,0,0,3,3,0.02222222222222192,-20,26,-22,7,24,2,-12,1,0.160253699788583,3,7,-1,6,-2,-2,0,4,-1,2,0.158333333333333,10,16,9,0.086834733893557,-12,0.3200000000000074,0.120112247483522,3,1,4,-17,-2,0.12724358974358996,1.4285714285714286,0.9090909090909101,2.533333333333333,5.0,0.8181818181818182,1.0,0.2727272727272727,1.2727272727272727,1.5,1.1785714285714295,0.99,1.2626262626262623,1.170731707317073,1.1825572801182556,9007199254740992.0,0.9375,0.65,0.55,0.0,0.0,1.2,1.2307692307692308,1.025641025641025,0.0,1.2476190476190476,0.8053097345132744,1.5,1.080863910568919e+17,1.037037037037037,0.7818181818181819,1.037037037037037,1.3264427217915573,1.1764705882352942,1.2121212121212122,0.9444444444444444,1.1176470588235294,0.7142857142857143,0.3333333333333333,1.0,1.0689655172413792,0.9375,1.3333333333333333,1.4222222222222205,10.999999999999998,1.457142857142857,1.9,1.3039215686274481,0.0,1.003001876172608,1.2438850586998746,1.4285714285714286,4503599627370496.0,1.5714285714285714,0.7384615384615385,0.9354838709677419,1.266801075268817
15,0.5,20,-3,-2,5,-7,4,2,0.012121212121211977,-6,0.06826143529176304,0,0.024622159943950006,0,-17,5,5,-1,0,-18,-12,0.24,-2,-4,9,3,-8,-24,-19,-12,-0.050423728813559054,-4,4,-10,-6,-2,0,-2,-8,-7,-3,0.021739130434782983,-4,10,8,0.122807017543859,-2,-13.920000000000002,0.0465101602928189,5,0,5,-16,-8,0.0025117739403449635,2.0,1.333333333333333,2.0,0.5714285714285714,0.8333333333333334,1.7142857142857142,0.2222222222222222,1.3636363636363635,1.4,1.0266666666666657,0.941747572815534,1.1562428407789238,1.0,1.0618556701030935,0.0,0.32,1.3571428571428572,1.3571428571428572,0.0,0.0,0.28,0.3684210526315789,1.3157894736842102,0.7142857142857143,0.963302752293578,1.0857142857142856,1.2142857142857142,0.42857142857142855,0.6129032258064516,0.6779661016949152,0.6129032258064516,0.9040322580645163,0.84,1.1111111111111112,0.5833333333333334,0.9,0.7777777777777778,1.0,0.6666666666666666,0.8840579710144928,0.6956521739130435,0.7272727272727273,1.0454545454545459,0.5,1.263157894736842,2.0,1.5833333333333277,0.5,0.8778947368421053,1.0972873077684648,1.5,0.0,1.5,0.7538461538461538,0.7575757575757576,1.0049474335188608
-4,-2.7500000000000004,2,-5,-6,2,-3,1,-3,-0.318181818181818,-7,0.10069699192956705,3,0.07214477867449204,2,5,0,-2,0,-2,4,1,-0.12626262626262597,6,11,21,-7,-14,-18,-23,-9,0.08568738229755202,-12,2,-7,-5,1,1,0,-4,-9,-4,-0.03676470588235298,-3,2,4,0.08986928104575098,0,-5.239999999999995,0.08826395839517209,5,1,6,-9,-1,0.07156862745098003,0.8620689655172413,0.4310344827586203,1.1428571428571428,0.8,0.6,1.2857142857142858,0.4,1.0909090909090908,0.6666666666666666,0.611111111111111,0.925531914893617,1.1874359849778073,1.0681818181818181,1.1541274817136868,9007199254740992.0,1.3125,1.0,0.875,0.0,0.0,1.2222222222222223,1.0588235294117647,0.8663101604278075,4.0,1.0932203389830508,1.203883495145631,0.7083333333333334,0.36363636363636365,0.7096774193548387,0.6101694915254238,0.7096774193548387,1.1630824372759856,0.3333333333333333,1.064516129032258,0.5,0.8888888888888888,1.2,1.5,1.0,0.92,0.47058823529411764,0.42857142857142855,0.9107142857142851,0.6666666666666666,1.0588235294117647,1.3076923076923077,1.2350427350427324,1.0,0.9485871271585558,1.1524722481294223,2.0,1.9999999999999996,2.0,0.85,0.967741935483871,1.1385199240986705
2,-0.32323232323232975,-6,-18,-6,2,0,2,1,0.0,1,0.010644257703080973,-1,-0.017927170868348052,-2,0,-1,1,0,-1,4,2,-0.0625,-1,5,20,0,-12,-18,-10,-9,-0.054263565891474075,0,-1,-1,-2,5,0,5,3,-1,-2,-0.16071428571428603,2,9,5,0.04524089306697998,-5,2.759999999999991,0.00839154091455896,2,0,2,-8,-6,-0.014184397163120921,1.08,0.8836363636363612,0.7692307692307693,0.3793103448275862,0.5714285714285714,1.6666666666666667,1.0,1.25,1.25,0.9999999999999996,1.0119047619047619,1.0178823529411756,0.9772727272727273,0.965775401069517,0.3333333333333333,1.0,0.9375,1.0769230769230769,0.0,0.0,1.25,1.1538461538461537,0.9230769230769228,0.8888888888888888,1.0442477876106195,1.2173913043478262,1.0,0.52,0.7096774193548387,0.7674418604651163,0.7096774193548387,0.924731182795697,1.0,0.9714285714285714,0.8571428571428571,0.9523809523809523,2.6666666666666665,0.9999999999999998,3.5,1.0666666666666667,0.875,0.7142857142857143,0.8163265306122444,1.4,1.2432432432432432,1.4166666666666667,1.1394927536231876,0.375,1.0303163444639718,1.013521520086043,1.2222222222222223,0.0,1.2222222222222223,0.8297872340425532,0.8125,0.9791666666666659
-4,-1.6623376623376598,18,-19,10,6,4,7,5,-0.050000000000000044,13,-0.20494252873563207,-9,-0.157241379310345,2,2,-2,-4,1,1,-10,-4,0.18269230769230804,-5,-29,6,10,-2,-4,2,-2,-0.06002400960384102,1,-1,7,6,-4,-1,-3,2,10,2,-0.01169590643274801,-4,7,-7,-0.265151515151515,-3,8.600000000000009,-0.18647401708809896,4,0,4,6,-2,-0.08518518518518492,0.84,0.534545454545455,1.45,0.13636363636363635,2.0,3.0,2.0,2.4,2.25,0.9374999999999997,1.1494252873563218,0.6667289719626167,0.8,0.6959999999999995,9007199254740992.0,1.1111111111111112,0.8666666666666667,0.7333333333333333,4503599627370496.0,4503599627370496.0,0.6153846153846154,0.7777777777777778,1.263888888888889,0.2857142857142857,0.768,1.055045871559633,1.9090909090909092,0.8333333333333334,0.9230769230769231,1.0408163265306123,0.9230769230769231,0.8868778280542992,1.1,0.9714285714285714,1.6363636363636365,1.1304347826086956,0.6363636363636364,0.75,0.5714285714285714,1.0350877192982457,2.111111111111111,2.0,0.947368421052633,0.3333333333333333,1.2121212121212122,0.5882352941176471,0.4852941176470587,0.5,1.087362860625762,0.7062959641255605,1.5714285714285714,0.0,1.5714285714285714,1.1111111111111112,0.9285714285714286,0.8357142857142856
10,0.6727272727272697,8,-4,2,2,-1,-3,-3,-0.11111111111110994,-5,0.15735294117647003,6,0.10808823529411793,0,-8,-4,-4,0,0,0,2,0.09999999999999998,1,21,26,-9,-19,-14,-16,-7,0.12662337662337697,-10,9,-6,3,4,1,3,7,-4,-4,-0.10389610389610404,-8,2,7,0.15526315789473705,2,-5.0,0.154860350755873,3,-2,1,-7,-1,0.08670212765957397,1.3846153846153846,1.2587412587412574,1.2,0.8947368421052632,1.25,1.6666666666666667,0.5,0.75,0.625,0.8333333333333346,0.9411764705882353,1.2547619047619032,1.1333333333333333,1.2041666666666668,0.9999999999999998,0.6,0.7142857142857143,0.6923076923076923,0.0,0.0,1.0,1.1176470588235294,1.117647058823529,4503599627370496.0,1.1721311475409837,1.3095238095238095,0.6086956521739131,0.2692307692307692,0.7586206896551724,0.6363636363636364,0.7586206896551724,1.1921182266009853,0.5454545454545454,1.28125,0.5,1.0681818181818181,1.8014398509481984e+16,4503599627370496.0,1.3510798882111488e+16,1.1590909090909092,0.6363636363636364,0.5555555555555556,0.8730158730158726,0.3333333333333333,1.0526315789473684,1.4666666666666666,1.3933333333333333,9007199254740992.0,0.9466950959488273,1.238129522965588,1.375,0.0,1.1,0.851063829787234,0.9666666666666667,1.1358333333333321
5,2.8333333333333304,-9,11,0,0,-1,3,2,0.08461538461538504,2,0.02788054968287601,1,0.0007928118393240036,-1,1,7,8,0,0,11,4,-0.21403508771929902,0,11,7,7,-2,-16,-15,-8,0.025810324129651008,-7,8,-6,2,3,0,3,5,-7,-4,-0.03333333333333299,-1,17,5,-0.018740629685157995,-5,6.840000000000003,0.015668275731492876,-7,-1,-8,-15,-4,0.09273182957393489,1.2380952380952381,2.8888888888888866,0.5714285714285714,3.2,1.0,1.0,0.8,1.3,1.6666666666666667,1.2820512820512826,1.0232558139534884,1.0532828282828293,1.025,1.0017045454545461,0.5,1.0526315789473684,1.5384615384615385,1.7272727272727273,0.0,0.0,1.5789473684210527,1.2222222222222223,0.7740740740740731,1.0,1.1018518518518519,1.0679611650485437,1.875,0.8333333333333334,0.7241379310344828,0.6938775510204082,0.7241379310344828,1.043610547667341,0.6111111111111112,1.2580645161290323,0.45454545454545453,1.0476190476190477,1.2727272727272727,1.0,1.4285714285714286,1.0943396226415094,0.5333333333333333,0.5,0.9375000000000002,0.875,1.5862068965517242,1.5,0.9456521739130412,0.5,1.072488342518016,1.027378861074512,0.46153846153846156,0.0,0.42857142857142855,0.7368421052631579,0.8666666666666667,1.1761904761904758
4,0.71022727272727,-15,-11,2,5,-2,3,2,0.01136363636363602,10,-0.09948979591836704,-5,-0.10667903525046296,-2,-1,-3,-2,0,0,-2,-3,-0.07777777777777806,-8,-10,7,4,-2,-22,-3,-11,-0.21111111111111103,7,-7,1,-6,-1,0,-1,-7,1,1,0.028571428571428914,6,8,3,0.002727768685215015,-4,9.120000000000005,-0.10324336470999507,-5,-1,-6,2,-8,-0.18407362945178107,1.1481481481481481,1.5787037037037,0.6052631578947368,0.6071428571428571,1.2222222222222223,1.7142857142857142,0.6,1.375,1.4,1.0181818181818172,1.1136363636363635,0.8408163265306124,0.8958333333333334,0.804421768707484,0.3333333333333333,0.9444444444444444,0.85,0.8823529411764706,0.0,0.0,0.9,0.8125,0.9027777777777772,0.2,0.9206349206349206,1.07,1.3636363636363635,0.8333333333333334,0.65625,0.9333333333333333,0.65625,0.7031249999999999,1.4375,0.8478260869565217,1.0666666666666667,0.9016393442622951,0.8888888888888888,1.0,0.8571428571428571,0.9,1.0714285714285714,1.125,1.0500000000000003,2.5,1.205128205128205,1.2142857142857142,1.0075987841945269,0.2,1.094214876033058,0.8413657507313089,0.7619047619047619,0.0,0.7272727272727273,1.0408163265306123,0.7647058823529411,0.7347174163783152
-1,5.70588235294118,6,2,-3,-3,-1,-3,-3,-0.08571428571428608,3,-0.02345178991377095,-1,-0.026522079958192002,-1,-11,-1,0,0,1,-12,-12,-0.13186813186813207,2,-13,-7,-6,2,-8,-8,-4,0.02069475240206997,5,-14,5,-9,-1,0,-1,-10,6,2,-0.043956043956043966,-1,6,1,-0.023923444976077013,0,-2.280000000000001,-0.054413153268437986,-15,1,-14,-3,-2,-0.00833333333333397,0.9545454545454546,5.4090909090909225,1.8571428571428572,1.2,0.75,0.4,0.75,0.7,0.625,0.8928571428571421,1.0348837209302326,0.9556735399432018,0.9743589743589743,0.9415154134255248,0.0,0.5416666666666666,0.9444444444444444,1.0,0.9999999999999998,4503599627370496.0,0.5384615384615384,0.45454545454545453,0.8441558441558437,1.1818181818181819,0.8849557522123894,0.9357798165137615,0.6842105263157895,1.1333333333333333,0.8333333333333334,0.8048780487804879,0.8333333333333334,1.035353535353536,1.7142857142857142,0.65,1.7142857142857142,0.8085106382978723,0.8571428571428571,1.0,0.8,0.8148148148148148,1.8571428571428572,1.6666666666666667,0.897435897435897,0.8333333333333334,1.1578947368421053,1.0769230769230769,0.9300699300699282,1.0,0.9766009852216748,0.9061589795667855,0.11764705882352941,4503599627370496.0,0.17647058823529413,0.9375,0.9230769230769231,0.984615384615383
-2,-0.028571428571430024,14,10,5,1,-6,-2,0,0.08080808080807994,3,0.04367816091954102,3,0.018390804597701038,-1,-3,-5,-4,0,-1,-3,-3,-0.028708133971292016,-1,8,4,4,5,0,-6,0,0.08333333333333304,2,3,0,3,-1,-1,0,2,-1,-1,-0.06363636363636405,-1,1,5,0.12233285917496495,-5,1.6799999999999926,0.03103861541948294,0,-1,-1,2,-2,-0.05846153846153801,0.9166666666666666,0.9821428571428561,1.6666666666666667,1.5,1.625,1.2,0.3333333333333333,0.8181818181818182,1.0,1.2222222222222188,1.0344827586206897,1.0835164835164846,1.0769230769230769,1.0410256410256402,0.6666666666666666,0.8333333333333334,0.75,0.7647058823529411,0.0,0.0,0.8636363636363636,0.8333333333333334,0.9649122807017539,0.8888888888888888,1.073394495412844,1.0425531914893618,1.4444444444444444,1.4166666666666667,1.0,0.8571428571428571,1.0,1.1666666666666656,1.1538461538461537,1.0769230769230769,1.0,1.0588235294117647,0.8888888888888888,0.5,1.0,1.0333333333333334,0.9090909090909091,0.75,0.8249999999999985,0.8333333333333334,1.027027027027027,1.3846153846153846,1.3481781376518227,0.375,1.0173769135291684,1.0550607952065245,1.0,0.6666666666666666,0.9333333333333333,1.04,0.9230769230769231,0.887573964497042
0,-0.4615384615384599,-3,3,4,4,-1,5,3,-0.041666666666665964,-1,0.024096385542168974,0,0.004848662944461013,0,1,-4,-4,0,0,3,8,0.23818181818181805,2,11,-2,10,2,-8,-4,-4,-0.06267281105990802,-9,20,-8,12,-15,-6,-9,-3,-9,-3,0.17142857142857099,0,-1,3,0.08525641025641001,5,0.3199999999999932,0.05739485151823098,3,0,3,0,-3,-0.06976744186046496,1.0,0.76923076923077,0.85,1.2727272727272727,1.4444444444444444,2.3333333333333335,0.6666666666666666,2.6666666666666665,2.5,0.9375000000000007,0.9879518072289156,1.0506329113924053,1.0,1.0121951219512195,1.0,1.05,0.8,0.7777777777777778,0.0,0.0,1.1363636363636365,1.5333333333333334,1.3493333333333326,1.25,1.1170212765957446,0.9795918367346939,3.0,1.25,0.7777777777777778,0.8857142857142857,0.7777777777777778,0.8781362007168451,0.4,1.7142857142857142,0.38461538461538464,1.2926829268292683,0.0,0.0,0.0,0.9464285714285714,0.35714285714285715,0.5,1.399999999999998,1.0,0.975,1.2307692307692308,1.2623274161735685,2.6666666666666665,1.0034527406128615,1.1131777625257366,1.3333333333333333,0.9999999999999998,1.3,1.0,0.85,0.8499999999999998
1,1.0797101449275401,25,22,0,-3,-2,6,6,0.17777777777777692,12,0.10291693088141995,11,0.05491439441978402,0,2,6,6,2,0,6,6,0.07578947368420996,0,39,19,13,1,-14,-8,-7,-0.06022408963585402,-4,-1,-5,-6,2,4,-2,-4,0,0,0.0,-4,9,11,0.16853303471444492,3,14.64,0.10383967220698609,-11,0,-11,3,0,-0.03749999999999998,1.04,1.993333333333337,2.25,2.5714285714285716,1.0,0.7272727272727273,0.6,1.6666666666666667,2.2,1.3199999999999976,1.144578313253012,1.183701188455007,1.275,1.1139473684210512,0.9999999999999998,1.125,1.4,1.4285714285714286,9007199254740992.0,0.0,1.3157894736842106,1.4615384615384615,1.1107692307692294,1.0,1.3679245283018868,1.202127659574468,1.8666666666666667,1.0588235294117647,0.7307692307692307,0.8095238095238095,0.7307692307692307,0.9027149321266971,0.7647058823529411,0.975609756097561,0.6666666666666666,0.8928571428571429,1.3333333333333333,1.8014398509481984e+16,0.6666666666666666,0.9354838709677419,1.0,1.0,0.9999999999999996,0.6363636363636364,1.236842105263158,1.8461538461538463,1.4926350245499145,1.6,1.160245183887916,1.1789960840156646,0.5,0.9999999999999998,0.5217391304347826,1.0666666666666667,1.0,0.9374999999999997
-5,1.97916666666667,46,0,14,3,4,1,3,0.380952380952381,2,-0.14995678478824503,-10,-0.12075564884553597,-4,3,-12,-8,-1,0,2,3,0.047619047619048005,0,-22,7,7,-4,-10,7,-5,-0.225730994152047,2,-7,-7,-14,3,0,3,-11,-3,2,0.25974025974025894,-2,-7,-5,-0.07619047619047598,0,2.8800000000000097,-0.12247924327855009,-8,-2,-10,9,-5,-0.191869300911855,0.8148148148148148,2.172839506172841,2.84,0.0,2.5555555555555554,2.5,3.0,1.1666666666666667,2.5,2.142857142857143,1.0224719101123596,0.7383107088989445,0.7727272727272727,0.7557442557442564,0.2,1.1578947368421053,0.52,0.6,0.0,0.0,1.0714285714285714,1.1363636363636365,1.0606060606060608,0.0,0.8225806451612904,1.0546875,2.1666666666666665,0.6923076923076923,0.8214285714285714,1.1842105263157894,0.8214285714285714,0.6936507936507932,1.1818181818181819,0.78125,0.46153846153846156,0.6888888888888889,1.3,1.0,1.375,0.8,0.7857142857142857,1.5,1.9090909090909038,0.7142857142857143,0.8333333333333334,0.6428571428571429,0.7714285714285714,0.0,1.0284247927358865,0.7998452108228594,0.42857142857142855,0.0,0.375,1.1914893617021276,0.8333333333333334,0.6994047619047605
-5,0.8916666666666699,-22,-29,-2,0,-1,-7,-7,-0.29166666666666596,1,0.022034956304618936,2,0.017602996254681036,0,10,3,2,0,1,8,10,0.098176718092567,14,15,36,-16,3,2,-1,1,0.04640151515151503,-15,-1,-8,-9,-2,1,-3,-11,-8,-6,-0.14285714285714302,-6,-1,1,0.029255319148935977,10,4.519999999999996,0.047726048664761045,-6,-1,-7,2,1,0.0017016449234250053,0.8076923076923077,1.5144230769230795,0.4358974358974359,0.2564102564102564,0.8181818181818182,1.0,0.8571428571428571,0.5333333333333333,0.3,0.5625000000000004,1.0112359550561798,1.042632850241545,1.054054054054054,1.0423423423423404,0.9999999999999998,1.588235294117647,1.1875,1.1333333333333333,0.0,4503599627370496.0,1.3478260869565217,1.5,1.1129032258064517,6.305039478318694e+16,1.1339285714285714,1.4285714285714286,0.36,1.1875,1.0625,0.9696969696969697,1.0625,1.0957031249999991,0.4230769230769231,0.975,0.4666666666666667,0.8363636363636363,0.7777777777777778,1.5,0.5714285714285714,0.828125,0.42857142857142855,0.3333333333333333,0.7777777777777773,0.45454545454545453,0.9791666666666666,1.0555555555555556,1.078014184397162,10.999999999999998,1.0456012913640031,1.0844751061366267,0.5714285714285714,0.0,0.5333333333333333,1.048780487804878,1.0526315789473684,1.0036719706242325
-1,-0.19523809523809987,5,-15,0,6,4,-9,-8,-0.26923076923076905,3,0.041954022988506035,4,0.027969348659004023,3,3,4,1,0,0,5,-1,-0.18534482758620696,26,10,28,-12,-3,0,2,0,-0.028138528138527907,-4,-5,2,-3,6,1,5,3,3,-1,-0.3055555555555559,-6,-1,3,0.09682539682539698,15,5.200000000000003,0.017276350264476048,1,0,1,4,1,-0.023172905525847054,0.9629629629629629,0.898765432098763,1.2272727272727273,0.4230769230769231,1.0,4.0,2.3333333333333335,0.3076923076923077,0.2,0.6499999999999999,1.0344827586206897,1.0730000000000002,1.0930232558139534,1.0565891472868216,3.999999999999999,1.15,1.25,1.0666666666666667,0.0,0.0,1.2083333333333333,0.9523809523809523,0.7881773399014775,1.170935903116329e+17,1.0826446280991735,1.2666666666666666,0.4,0.8695652173913043,1.0,1.0476190476190477,1.0,0.9545454545454546,0.8,0.8529411764705882,1.1818181818181819,0.9333333333333333,2.5,1.5,3.5,1.0612244897959184,1.3333333333333333,0.875,0.6562499999999994,0.3333333333333333,0.9722222222222222,1.2142857142857142,1.2489795918367343,6.755399441055744e+16,1.05330053300533,1.0278591856496242,1.0714285714285714,0.0,1.0714285714285714,1.0784313725490196,1.0344827586206897,0.9592476489028203
-1,-0.6324786324786402,-17,-20,-3,-1,-7,-9,-7,-0.14705882352941202,1,0.015730337078652012,3,0.027965043695380942,2,0,-2,-4,0,0,-6,-14,-0.4336842105263159,-2,-10,9,-23,3,10,5,5,0.048959608323133064,-5,4,3,7,6,2,4,13,1,-2,-0.211538461538462,-1,0,-2,-0.04878048780487798,-2,-1.6400000000000006,-0.040162667751117986,6,-1,5,1,5,0.09141156462585098,0.9629629629629629,0.6954732510288033,0.6530612244897959,0.48717948717948717,0.7692307692307693,0.8571428571428571,0.2222222222222222,0.47058823529411764,0.36363636363636365,0.7727272727272722,1.0112359550561798,1.026923076923077,1.069767441860465,1.0578811369509042,2.0,1.0,0.9090909090909091,0.8,0.0,0.0,0.76,0.4166666666666667,0.5482456140350874,0.0,0.921875,1.0978260869565217,0.30303030303030304,1.2,1.2272727272727273,1.131578947368421,1.2272727272727273,1.0845665961945021,0.7727272727272727,1.1025641025641026,1.3,1.1428571428571428,1.75,2.0,1.6666666666666667,1.2280701754385965,1.0833333333333333,0.7777777777777778,0.7179487179487171,0.8571428571428571,1.0,0.8888888888888888,0.8888888888888885,0.0,0.9836,0.9372458316388779,1.5454545454545454,0.5,1.3846153846153846,1.0208333333333333,1.2,1.1755102040816334
-5,-0.09821428571429003,22,19,6,1,-5,1,2,0.09999999999999998,1,-0.07334581772783999,-7,-0.08352059925093702,-1,7,6,7,1,0,25,22,0.04292929292929304,-10,10,-3,12,5,-14,-6,-7,-0.08736643620364504,-3,8,-4,4,2,0,2,6,-5,-3,-0.01587301587301504,3,11,2,-0.047798066595058974,-4,12.0,-0.022835221044939957,-3,1,-2,-10,-9,-0.07125777140124301,0.8275862068965517,0.9458128078817709,2.2222222222222223,2.1176470588235294,1.5454545454545454,1.1428571428571428,0.2857142857142857,1.0714285714285714,1.2857142857142858,1.1999999999999995,1.0112359550561798,0.8779854620976116,0.8478260869565217,0.8384057971014477,0.0,1.411764705882353,1.3529411764705883,1.4375,4503599627370496.0,0.0,3.272727272727273,3.4444444444444446,1.052469135802469,0.0,1.0862068965517242,0.97,1.8571428571428572,1.2380952380952381,0.7407407407407407,0.8604651162790697,0.7407407407407407,0.8608608608608613,0.8333333333333334,1.205128205128205,0.6923076923076923,1.0769230769230769,1.4,1.0,1.6666666666666667,1.105263157894737,0.6428571428571429,0.625,0.9722222222222233,1.5,1.2894736842105263,1.1333333333333333,0.8789115646258501,0.0,1.1278772378516624,0.9630541871921174,0.8,1.9999999999999996,0.875,0.803921568627451,0.7096774193548387,0.8827694728560193
10,0.8238095238095298,0,-19,-2,6,6,-2,0,0.101010101010101,3,0.032425500732779944,3,0.018319491939424004,0,0,-9,-9,0,1,1,2,0.041871921182266014,-7,11,21,2,-5,0,3,0,-0.036507936507937044,-6,-3,1,-2,0,0,0,-2,5,-2,-0.22916666666666702,0,6,3,0.02205882352941202,4,3.440000000000012,0.03435182509545298,1,-2,-1,-3,0,0.028321678321677923,1.434782608695652,1.5372670807453463,1.0,0.13636363636363635,0.8333333333333334,2.5,2.5,0.8181818181818182,1.0,1.2222222222222214,1.0337078651685394,1.0641304347826088,1.0769230769230769,1.0418060200668902,1.0,1.0,0.625,0.5714285714285714,0.0,4503599627370496.0,1.0357142857142858,1.0909090909090908,1.0532915360501565,0.2222222222222222,1.0982142857142858,1.1981132075471699,1.1538461538461537,0.782608695652174,1.0,1.0714285714285714,1.0,0.933333333333332,0.7272727272727273,0.9090909090909091,1.0625,0.9591836734693877,1.0,0.9999999999999998,1.0,0.9655172413793104,1.3125,0.7777777777777778,0.5925925925925918,1.0,1.1764705882352942,1.25,1.0625,2.3333333333333335,1.0339518357678643,1.0621522664048442,1.0769230769230769,0.0,0.9333333333333333,0.9454545454545454,1.0,1.0576923076923064
5,0.9220779220779298,27,28,0,5,-6,0,-2,-0.25,0,0.05263157894736803,6,0.06315789473684202,-2,-1,-7,-5,-2,0,-5,-2,0.06902356902356899,-3,8,-39,-7,-1,10,-1,5,0.122705314009661,-5,17,-2,15,-10,-1,-9,5,-1,-1,-0.03205128205128194,-6,5,-2,-0.102316602316603,-7,-2.1999999999999886,0.05059974624690311,-3,0,-3,-5,8,0.19648666232921297,1.2083333333333333,1.5378787878787936,2.35,4.111111111111111,1.0,3.5,0.14285714285714285,1.0,0.7142857142857143,0.7142857142857141,1.0,1.0934579439252325,1.1333333333333333,1.1333333333333326,0.0,0.9444444444444444,0.631578947368421,0.7058823529411765,0.0,0.0,0.8148148148148148,0.8947368421052632,1.0980861244019136,0.0,1.0634920634920635,0.7214285714285714,0.6111111111111112,0.9545454545454546,1.2083333333333333,0.9782608695652174,1.2083333333333333,1.235185185185183,0.7727272727272727,1.6296296296296295,0.8666666666666667,1.3571428571428572,0.2857142857142857,0.5,0.25,1.0892857142857142,0.9230769230769231,0.875,0.9479166666666665,0.5,1.135135135135135,0.8823529411764706,0.7773109243697462,0.125,0.9794161676646708,1.0858428710931585,0.7692307692307693,0.9999999999999998,0.7857142857142857,0.9137931034482759,1.2857142857142858,1.4070080862533692
7,0.4375,2,17,1,2,0,-8,-4,-0.038095238095238015,2,0.10848308668076106,5,0.04677589852008501,2,-5,-13,-15,-1,0,-9,-9,-0.04655172413793096,4,12,1,-8,-15,-6,-3,-3,-0.026112185686653966,7,5,7,12,-1,2,-3,11,6,4,0.0,-5,9,11,0.23589743589743595,2,-1.960000000000008,0.07305463783979205,0,0,0,-7,-6,-0.04081632653061207,1.3181818181818181,1.318181818181818,1.0909090909090908,6.666666666666667,1.0909090909090908,1.5,1.0,0.4666666666666667,0.42857142857142855,0.9183673469387753,1.0232558139534884,1.227549889135254,1.131578947368421,1.1058612440191393,2.9999999999999996,0.75,0.5666666666666667,0.4827586206896552,0.0,0.0,0.6896551724137931,0.6538461538461539,0.9480769230769229,2.3333333333333335,1.1111111111111112,1.0085470085470085,0.4666666666666667,0.21052631578947367,0.896551724137931,0.9361702127659575,0.896551724137931,0.9576802507836985,1.5,1.1470588235294117,2.1666666666666665,1.3,0.875,2.9999999999999996,0.5714285714285714,1.2291666666666667,2.0,2.0,0.9999999999999997,0.375,1.3,2.8333333333333335,2.179487179487177,2.0,0.9801539084649655,1.133608815426997,1.0,0.0,1.0,0.875,0.8125,0.9285714285714285
1,0.75,-17,6,3,2,-6,6,2,-0.16666666666666596,17,-0.044961813254496,7,-0.015151515151515027,-4,0,-6,-2,0,0,-5,-3,0.039999999999999925,6,8,-7,2,22,16,8,8,0.06643356643356702,5,1,2,3,-10,-5,-5,-7,4,3,0.09999999999999998,8,5,-3,-0.12971342383107098,7,14.799999999999997,-0.04843391902215399,-6,0,-6,12,10,0.05416666666666703,1.0416666666666667,1.562500000000001,0.5277777777777778,4.0,1.4285714285714286,2.0,0.4,2.0,1.5,0.7500000000000006,1.2073170731707317,0.9231902356902356,1.170731707317073,0.9696969696969695,0.0,1.0,0.7142857142857143,0.8823529411764706,0.0,0.0,0.8333333333333334,0.875,1.0499999999999996,3.0,1.0666666666666667,0.9457364341085271,1.1666666666666667,5.4,1.32,1.1818181818181819,1.32,1.1169230769230776,1.4166666666666667,1.032258064516129,1.2222222222222223,1.075,0.2857142857142857,0.0,0.4444444444444444,0.8703703703703703,1.4,1.75,1.2499999999999993,5.0,1.1470588235294117,0.7857142857142857,0.6849816849816844,4.5,1.1554621848739495,0.9231515151515153,0.6666666666666666,0.0,0.6666666666666666,1.25,1.3703703703703705,1.0962962962962965
4,1.625,-14,2,3,3,-3,-3,-3,-0.07211538461538503,-1,-0.010033444816053061,-4,-0.03798375537505905,1,-4,-1,-2,0,1,2,0,-0.05769230769230804,-3,-3,-7,0,5,-14,-18,-7,0.10431034482758594,-2,-1,4,3,-4,1,-5,-1,-1,0,0.04545454545454497,1,16,5,0.0018315018315019915,3,-0.12000000000000455,-0.013793786429743049,-3,-1,-4,-17,-9,0.03710575139146599,1.1481481481481481,1.7222222222222223,0.5625,1.125,1.3333333333333333,1.75,0.25,0.8125,0.7272727272727273,0.8951048951048942,0.9891304347826086,0.9829059829059833,0.92,0.930109890109891,1.9999999999999996,0.8260869565217391,0.9444444444444444,0.8823529411764706,0.0,4503599627370496.0,1.0769230769230769,1.0,0.9285714285714279,0.5714285714285714,0.9767441860465116,0.9426229508196722,1.0,1.3571428571428572,0.8055555555555556,0.6896551724137931,0.8055555555555556,1.1680555555555547,0.8666666666666667,0.9705882352941176,1.5714285714285714,1.0731707317073171,0.6,4503599627370496.0,0.5,0.9803921568627451,0.9166666666666666,1.0,1.0909090909090895,1.1428571428571428,1.6153846153846154,1.625,1.0059523809523807,2.5,0.9988399071925753,0.9778786159954629,0.7272727272727273,0.0,0.6666666666666666,0.7424242424242424,0.7857142857142857,1.0583090379008748
16,1.7545454545454497,34,38,2,3,2,-6,1,0.2875,1,0.16500800732097898,8,0.080416380690918,-3,2,-3,0,0,0,7,2,-0.16666666666666596,2,34,-22,10,-3,-2,-14,-1,0.15103338632750396,5,6,4,10,6,-1,7,16,6,1,-0.23750000000000004,-1,24,16,0.16135328562133994,1,4.079999999999998,0.13906331139584005,-2,1,-1,-23,-8,0.085365853658536,1.9411764705882353,2.135294117647052,3.6153846153846154,38.99999999999999,1.1818181818181819,2.5,2.0,0.625,1.2,1.9199999999999986,1.010752688172043,1.3372691138648576,1.1951219512195121,1.1824078879086672,0.25,1.0909090909090908,0.8636363636363636,1.0,0.0,0.0,1.3333333333333333,1.1,0.8250000000000005,2.0,1.3063063063063063,0.8307692307692308,1.9090909090909092,0.8125,0.9583333333333334,0.7254901960784313,0.9583333333333334,1.3209459459459452,1.2777777777777777,1.2,1.3636363636363635,1.2439024390243902,3.0,0.5,7.999999999999998,1.3636363636363635,1.6,1.125,0.7031249999999998,0.8,1.8275862068965518,2.7777777777777777,1.5199161425576495,1.5,1.039906103286385,1.2561771703983904,0.8181818181818182,4503599627370496.0,0.9090909090909091,0.640625,0.75,1.1707317073170715
11,1.7070707070707103,-7,5,-1,3,-1,-5,2,0.273809523809524,-3,0.14233409610983994,7,0.091189931350115,1,-5,2,1,-1,0,-1,0,0.03333333333333399,7,23,17,9,0,-4,-13,-2,0.11538461538461497,4,-6,2,-4,-8,-3,-5,-12,-1,1,0.09523809523809601,-2,9,9,0.12987012987013008,8,-3.4399999999999977,0.131273364142113,-2,0,-2,-12,-2,0.07999999999999996,1.4583333333333333,1.7824074074074097,0.825,1.2,0.9285714285714286,1.4285714285714286,0.8888888888888888,0.7619047619047619,1.2,1.575,0.968421052631579,1.2677572105036587,1.1590909090909092,1.196887351778657,4503599627370496.0,0.75,1.1333333333333333,1.0666666666666667,0.0,0.0,0.96,1.0,1.0416666666666672,4.5,1.1900826446280992,1.1666666666666667,1.4285714285714286,1.0,0.9230769230769231,0.75,0.9230769230769231,1.2307692307692295,1.2857142857142858,0.8571428571428571,1.1666666666666667,0.9259259259259259,0.3333333333333333,0.25,0.375,0.8181818181818182,0.9333333333333333,1.2,1.2857142857142876,0.75,1.2727272727272727,1.6923076923076923,1.3296703296703294,3.602879701896397e+16,0.9675471698113208,1.2299996132076685,0.8181818181818182,0.0,0.8181818181818182,0.8064516129032258,0.9354838709677419,1.1599999999999995
7,2.1875,-11,5,-1,-1,2,5,1,-0.13636363636363602,26,-0.04724880382775093,5,-0.06499202551834093,-1,-2,-3,-2,0,-1,-6,-5,0.012787723785167016,-5,12,23,5,7,-6,-5,-3,-0.002645502645502895,9,-4,7,3,3,-1,4,6,9,3,-0.03157894736842104,1,28,7,-0.04022988505747099,-4,23.36,-0.06231743541839796,-7,-1,-8,-2,-2,-0.016009852216748,1.3333333333333333,2.666666666666666,0.7105263157894737,1.4166666666666667,0.9,0.8333333333333334,1.6666666666666667,1.4545454545454546,1.1428571428571428,0.7857142857142858,1.2954545454545454,0.9115341545352744,1.119047619047619,0.8638262322472852,0.5,0.8823529411764706,0.8125,0.8571428571428571,0.0,0.0,0.7391304347826086,0.75,1.0147058823529418,0.5454545454545454,1.105263157894737,1.2110091743119267,1.3571428571428572,2.4,0.9032258064516129,0.9074074074074074,0.9032258064516129,0.9953917050691236,1.9,0.9024390243902439,1.6363636363636365,1.0576923076923077,1.5,0.75,3.0,1.103448275862069,1.9,1.75,0.9210526315789469,1.2,1.9333333333333333,1.7,0.8793103448275863,0.5,1.2380758255197717,0.8927265480131014,0.5333333333333333,0.0,0.5,0.9655172413793104,0.9375,0.9709821428571438
-2,-0.71428571428571,-14,19,-5,6,-2,6,1,-0.275,1,0.03656215005599095,1,0.005599104143336975,1,-5,-3,-4,-2,0,-18,-16,-0.009615384615383915,-5,-8,-47,2,-7,-18,-7,-9,-0.10884353741496589,2,18,-2,16,1,0,1,17,1,0,-0.05303030303030298,-3,1,6,0.15793650793650799,-3,-6.920000000000002,3.465554239101554e-05,4,0,4,0,-5,-0.08474576271186396,0.9,0.642857142857145,0.6,5.75,0.6153846153846154,2.5,0.6666666666666666,1.6,1.1111111111111112,0.6944444444444443,1.0106382978723405,1.0694311536416794,1.0227272727272727,1.0119617224880375,1.9999999999999996,0.7619047619047619,0.8636363636363636,0.8095238095238095,0.3333333333333333,0.0,0.3076923076923077,0.30434782608695654,0.9891304347826092,0.16666666666666666,0.9344262295081968,0.6736111111111112,1.0952380952380953,0.46153846153846156,0.7096774193548387,0.8571428571428571,0.7096774193548387,0.8279569892473118,1.1333333333333333,1.6666666666666667,0.8333333333333334,1.4102564102564104,1.2,0.9999999999999998,1.25,1.3863636363636365,1.0909090909090908,1.0,0.9166666666666664,0.5714285714285714,1.0285714285714285,1.5454545454545454,1.5025252525252522,0.4,0.9343702579666161,1.000059902957208,1.4,0.0,1.4,1.0,0.8484848484848485,0.848484848484849
3,0.27272727272727026,12,5,0,2,-1,5,2,-0.19696969696969802,10,-0.08165429480381803,-1,-0.07582184517497292,1,5,2,1,-1,-1,-8,-10,-0.15714285714285703,-3,-11,-11,7,6,-4,-7,-2,0.06633906633906705,-2,-4,0,-4,7,1,6,3,2,-2,-0.412698412698413,5,13,1,-0.15763546798029499,-6,6.480000000000004,-0.10193263055858504,-1,1,0,-3,-2,-0.0037735849056600435,1.1071428571428572,1.1071428571428559,1.3428571428571427,1.25,1.0,1.4,0.6666666666666666,1.8333333333333333,1.4,0.7636363636363623,1.1219512195121952,0.883553875236294,0.9795918367346939,0.8731144631765756,1.5,1.2941176470588236,1.1,1.0555555555555556,0.0,0.0,0.7142857142857143,0.5833333333333334,0.8166666666666665,0.625,0.920863309352518,0.9098360655737705,1.6363636363636365,1.3,0.9285714285714286,0.8409090909090909,0.9285714285714286,1.1042471042471051,0.8823529411764706,0.8620689655172413,1.0,0.8947368421052632,3.3333333333333335,1.5,6.999999999999998,1.0731707317073171,1.2857142857142858,0.6666666666666666,0.5185185185185179,1.5555555555555556,1.4482758620689655,1.0588235294117647,0.7310924369747905,0.25,1.0687022900763359,0.8616649537512842,0.9090909090909091,4503599627370496.0,1.0,0.9433962264150944,0.9375,0.9937500000000001
1,-0.21678321678322,-4,4,-7,4,-3,-6,-2,0.2545454545454551,-9,0.09831038798498198,2,0.06971214017521798,-2,-9,-6,-4,0,1,-12,-5,0.16249999999999998,-6,3,-10,4,2,-2,-5,-1,0.053243574051407117,-5,-1,-1,-2,-9,-3,-6,-11,-5,-2,0.05392156862745101,-3,-3,4,0.13034188034188,-5,-14.280000000000001,0.09557596915496602,5,-3,2,-6,-2,0.030426716141002008,1.0476190476190477,0.8864468864468847,0.8333333333333334,1.4,0.5,2.0,0.25,0.45454545454545453,0.6666666666666666,1.4666666666666675,0.9042553191489362,1.203102779573369,1.048780487804878,1.1598278335724501,0.0,0.6666666666666666,0.7142857142857143,0.7894736842105263,0.0,4503599627370496.0,0.625,0.7727272727272727,1.2363636363636359,0.0,1.0265486725663717,0.9145299145299145,1.2857142857142858,1.105263157894737,0.9615384615384616,0.8837209302325582,0.9615384615384616,1.088056680161942,0.7619047619047619,0.96875,0.9285714285714286,0.9565217391304348,0.18181818181818182,0.25,0.14285714285714285,0.8070175438596491,0.7058823529411765,0.7777777777777778,1.1018518518518514,0.7,0.9230769230769231,1.4444444444444444,1.564814814814811,0.16666666666666666,0.8678756476683938,1.1828292167481187,1.625,0.0,1.1818181818181819,0.8909090909090909,0.9375,1.0522959183673468
-13,-0.8666666666666698,-28,0,4,6,4,-2,-3,-0.212121212121212,-2,-0.14396456256921297,-14,-0.15227021040974598,-2,-3,-9,-7,-1,0,3,11,0.34782608695652195,4,-16,-17,-5,2,-22,-12,-11,-0.10511363636363602,-2,5,-2,3,0,0,0,3,0,-1,-0.08333333333333298,4,15,1,-0.17711598746081497,-9,-0.6800000000000068,-0.07878179657378603,-2,2,0,-17,-15,-0.11403508771929804,0.6388888888888888,0.6388888888888874,0.42857142857142855,1.0,1.5714285714285714,3.0,1.8014398509481984e+16,0.8181818181818182,0.5,0.6111111111111107,0.9767441860465116,0.7953561589925233,0.7307692307692307,0.7481684981684968,0.3333333333333333,0.8571428571428571,0.5909090909090909,0.631578947368421,0.0,0.0,1.1304347826086956,1.7333333333333334,1.5333333333333332,1.8,0.8823529411764706,0.8692307692307693,0.6428571428571429,1.1176470588235294,0.6071428571428571,0.7272727272727273,0.6071428571428571,0.8348214285714287,0.8666666666666667,1.1785714285714286,0.8571428571428571,1.0714285714285714,1.0,1.0,1.0,1.06,1.0,0.8333333333333334,0.8333333333333337,1.8,1.5172413793103448,1.0588235294117647,0.6978609625668447,0.4375,0.9929255097794423,0.8886396134312893,0.8666666666666667,9007199254740992.0,1.0,0.7017543859649122,0.5714285714285714,0.8142857142857143
-4,1.0,-17,16,1,2,-2,-2,0,0.15000000000000002,3,0.046640859140858915,4,0.02747252747252804,-1,1,-1,0,2,-1,-6,-2,0.11640211640211595,0,10,-10,-2,7,2,-4,1,0.08527131782945696,-8,-6,-4,-10,-7,0,-7,-17,-3,-3,-0.08333333333333404,4,10,4,-0.0011500862564690073,0,0.35999999999999943,0.047668934565052945,-6,0,-6,-7,0,0.09046345811051704,0.8571428571428571,1.5,0.5853658536585366,5.0,1.1111111111111112,1.6666666666666667,0.6,0.8,1.0,1.2499999999999996,1.0340909090909092,1.0796970020270982,1.0909090909090908,1.0549450549450556,0.0,1.0526315789473684,0.95,1.0,9007199254740992.0,0.0,0.7777777777777778,0.9,1.1571428571428561,1.0,1.08130081300813,0.924812030075188,0.8666666666666667,2.0,1.04,0.9069767441860465,1.04,1.1466666666666656,0.6190476190476191,0.8125,0.6666666666666666,0.7727272727272727,0.46153846153846156,1.0,0.36363636363636365,0.7017543859649122,0.75,0.6666666666666666,0.8888888888888877,2.0,1.2702702702702702,1.2666666666666666,0.9971631205673759,1.0,1.0036043251902282,1.0774174501521538,0.5384615384615384,0.9999999999999998,0.5714285714285714,0.8627450980392157,1.0,1.159090909090909
0,-0.08823529411765008,-11,5,3,5,-2,4,0,-0.26666666666666594,10,0.0015997156061140494,3,-0.02002606943950702,4,-8,2,-2,0,0,-21,-21,-0.21212121212121304,1,-10,-24,-1,-7,-4,-10,-2,0.08080808080808,1,19,1,20,1,0,1,21,3,1,-0.06493506493506496,-3,18,5,-0.011664899257688988,5,0.7600000000000051,-0.05335020323079809,1,0,1,-8,-2,0.044642857142856984,1.0,0.9444444444444425,0.65625,2.25,1.3333333333333333,2.25,0.6666666666666666,1.6666666666666667,1.0,0.6000000000000004,1.1149425287356323,1.0029930162953098,1.069767441860465,0.9594821385758807,1.8014398509481984e+16,0.6521739130434783,1.1176470588235294,0.8823529411764706,0.0,0.0,0.36363636363636365,0.27586206896551724,0.7586206896551713,1.0666666666666667,0.9180327868852459,0.8356164383561644,0.9090909090909091,0.5882352941176471,0.9333333333333333,0.8148148148148148,0.9333333333333333,1.1454545454545435,1.0526315789473684,1.7916666666666667,1.0833333333333333,1.5555555555555556,1.1111111111111112,1.0,1.1428571428571428,1.4666666666666666,1.2727272727272727,1.1428571428571428,0.8979591836734689,0.625,1.7826086956521738,1.7142857142857142,0.9616724738675927,1.5,1.0074862096138693,0.9112112683280224,1.0625,0.9999999999999998,1.0588235294117647,0.875,0.9444444444444444,1.0793650793650786
-5,-1.0576923076923102,-22,-11,-2,5,-1,0,2,0.1818181818181821,-13,0.02150072150072102,-6,0.006493506493505996,-1,5,3,4,2,0,20,18,0.04861111111111105,11,6,13,6,15,-6,-7,-3,0.028571428571428914,-2,4,-1,3,-2,-1,-1,1,0,1,0.125,4,-3,0,0.040404040404041,10,-4.200000000000003,0.060051989558755015,8,-1,7,-10,-6,-0.01430976430976394,0.8333333333333334,0.5416666666666661,0.5769230769230769,0.42105263157894735,0.8,2.6666666666666665,0.8333333333333334,1.0,1.3333333333333333,1.3333333333333337,0.8555555555555555,1.0365106591521673,0.8666666666666667,1.0129870129870115,0.0,1.263157894736842,1.2,1.2857142857142858,9007199254740992.0,0.0,2.25,2.3846153846153846,1.0598290598290594,3.2,1.050420168067227,1.1226415094339623,1.4615384615384615,2.3636363636363638,0.875,0.8333333333333334,0.875,1.0500000000000003,0.875,1.125,0.9090909090909091,1.069767441860465,0.75,0.6666666666666666,0.8,1.0196078431372548,1.0,1.25,1.2499999999999996,1.6666666666666667,0.9166666666666666,1.0,1.0909090909090917,2.4285714285714284,0.9567188788128607,1.0979402532232196,1.6666666666666667,0.0,1.5384615384615385,0.8148148148148148,0.7931034482758621,0.9733542319749219
11,-0.02272727272726982,3,19,2,6,4,5,3,0.055555555555556024,2,0.08207070707070696,6,0.05631313131313104,-1,-12,1,2,-1,0,-16,-11,0.03571428571428603,-7,6,-15,8,-8,2,-5,1,0.10714285714285687,0,12,-1,11,0,1,-1,11,-2,0,0.121212121212121,-2,8,5,0.038327526132404977,-7,-5.039999999999992,0.06259566364962099,5,0,5,-6,1,0.10223144784639404,1.44,0.9900000000000012,1.1153846153846154,2.1875,1.2,3.0,2.3333333333333335,1.5555555555555556,1.75,1.1250000000000007,1.0227272727272727,1.1473922902494325,1.146341463414634,1.1208672086720857,0.6666666666666666,0.52,1.0588235294117647,1.1428571428571428,0.0,0.0,0.42857142857142855,0.45,1.05,0.2222222222222222,1.0508474576271187,0.8660714285714286,2.0,0.6190476190476191,1.0454545454545454,0.875,1.0454545454545454,1.1948051948051939,1.0,1.4137931034482758,0.9166666666666666,1.2682926829268293,1.0,1.5,0.8571428571428571,1.22,0.8181818181818182,1.0,1.2222222222222214,0.75,1.1951219512195121,1.3125,1.0982142857142871,0.4166666666666667,0.9497607655502394,1.106433847073389,1.4545454545454546,0.0,1.4545454545454546,0.8723404255319149,1.04,1.1921951219512203
3,0.53365384615385,-21,-6,-2,-4,2,-6,-4,-0.17777777777777803,7,-0.04061004784688993,1,-0.023803827751195994,0,3,7,7,0,-1,0,-2,-0.09999999999999998,0,-2,12,-5,3,-2,-4,-1,0.029545454545454986,-11,1,3,4,4,2,2,8,0,-4,-0.25,-1,9,-2,-0.11814109742441198,0,7.0,-0.04969227216993899,-4,1,-3,-2,3,0.08416666666666694,1.1428571428571428,1.4065934065934094,0.58,0.7692307692307693,0.8,0.42857142857142855,2.0,0.6,0.3333333333333333,0.5555555555555546,1.0795454545454546,0.9263157894736839,1.024390243902439,0.9489088575096276,1.0,1.2142857142857142,1.5833333333333333,1.875,0.0,0.0,1.0,0.8888888888888888,0.8888888888888887,0.0,0.9826086956521739,1.1318681318681318,0.6153846153846154,1.1304347826086956,0.9583333333333334,0.9090909090909091,0.9583333333333334,1.0541666666666671,0.6071428571428571,1.0256410256410255,1.2,1.0740740740740742,2.0,9007199254740992.0,1.5,1.1379310344827587,1.0,0.6363636363636364,0.6363636363636361,0.9,1.236842105263158,0.8666666666666667,0.7007092198581558,0.0,1.072314049586777,0.9163441400686937,0.75,4503599627370496.0,0.8125,0.96,1.1153846153846154,1.1618589743589745
-1,-1.4380952380952399,-11,10,4,-1,-8,-1,2,0.22727272727272702,-10,-0.06930844553243498,-8,-0.04559363525091803,5,3,-1,-6,2,-1,5,4,0.010979729729729937,1,-17,-3,3,5,-2,-8,-1,0.08823529411764708,-8,2,-9,-7,4,4,0,-3,-7,-1,0.28205128205128094,3,0,-5,-0.172413793103448,-2,-7.799999999999997,-0.04439231449690706,8,0,8,-10,-3,0.036954087346023956,0.9444444444444444,0.44074074074073966,0.6857142857142857,6.0,1.4,0.8,0.2727272727272727,0.9090909090909091,1.6666666666666667,1.8333333333333302,0.8837209302325582,0.8675438596491238,0.7948717948717948,0.8994601889338726,2.251799813685248e+16,1.12,0.9473684210526315,0.6842105263157895,9007199254740992.0,0.0,1.15625,1.173913043478261,1.0152761457109283,1.1666666666666667,0.8495575221238938,0.9741379310344828,1.25,1.25,0.9523809523809523,0.8095238095238095,0.9523809523809523,1.1764705882352937,0.5,1.08,0.3076923076923077,0.8157894736842105,1.3333333333333333,4.999999999999999,1.0,0.94,0.46153846153846156,0.8,1.7333333333333287,1.4285714285714286,1.0,0.5833333333333334,0.5833333333333338,0.6,0.9220623501199041,0.921366675489372,2.3333333333333335,0.9999999999999998,2.142857142857143,0.8245614035087719,0.8888888888888888,1.0780141843971611
6,0.69473684210526,-6,12,-9,3,2,2,-1,-0.18333333333333296,3,0.08179012345679004,5,0.04232804232804305,1,0,1,0,1,-1,-1,2,0.15686274509804,-10,19,18,-4,0,-8,-13,-4,0.10200250312891102,4,-1,-2,-3,-4,-1,-3,-7,0,2,0.4,-4,13,7,0.059934318555008026,-6,2.5600000000000023,0.08811219746022902,-3,-1,-4,-10,-2,0.08516483516483497,1.2857142857142858,1.6285714285714235,0.8378378378378378,2.3333333333333335,0.5263157894736842,2.5,9007199254740992.0,1.2,0.8333333333333334,0.6944444444444448,1.037037037037037,1.1505681818181812,1.1282051282051282,1.087912087912089,4503599627370496.0,1.0,1.0714285714285714,1.0,4503599627370496.0,0.0,0.9444444444444444,1.1666666666666667,1.2352941176470598,0.0,1.19,1.183673469387755,0.75,1.0,0.8518518518518519,0.723404255319149,0.8518518518518519,1.1775599128540297,1.8,0.975,0.6666666666666666,0.9347826086956522,0.5,0.5,0.5,0.8703703703703703,1.0,2.0,1.999999999999999,0.42857142857142855,1.4482758620689655,1.7,1.1738095238095223,0.0,1.0287899235267657,1.1566987319632709,0.8333333333333334,0.0,0.7894736842105263,0.8076923076923077,0.9310344827586207,1.1527093596059104
3,-0.33333333333333015,-1,16,1,5,0,-7,-5,-0.11538461538461497,5,0.11872478709099005,10,0.085163603765128,0,-8,-8,-8,-1,-1,-6,-9,-0.15126050420168102,4,18,4,-15,-5,8,-6,4,0.18650793650793696,6,4,-6,-2,2,-1,3,0,-6,2,0.38749999999999996,-2,12,7,0.08315789473684201,2,2.3599999999999994,0.072235490710097,3,2,5,-7,3,0.127265563435776,1.1875,0.7916666666666685,0.9666666666666667,9.0,1.1111111111111112,2.6666666666666665,1.0,0.46153846153846156,0.375,0.8125000000000002,1.0543478260869565,1.299251518147152,1.3125,1.244845360824742,0.9999999999999998,0.6923076923076923,0.6521739130434783,0.6363636363636364,0.0,0.0,0.8235294117647058,0.6666666666666666,0.809523809523809,2.3333333333333335,1.18,1.0341880341880343,0.375,0.7058823529411765,1.2105263157894737,0.8571428571428571,1.2105263157894737,1.4122807017543866,1.4285714285714286,1.121212121212121,0.6470588235294118,0.96,1.1818181818181819,0.5,1.3333333333333333,1.0,0.625,1.4,2.2399999999999984,0.75,1.3157894736842106,1.7777777777777777,1.3511111111111094,1.5,1.0220643231114435,1.1545261617270388,1.3,9007199254740992.0,1.5,0.8703703703703703,1.1304347826086956,1.2987974098057342
-7,-1.07352941176471,2,-8,0,6,0,2,-1,-0.29166666666666596,-14,-0.060939060939061984,-11,-0.05094905094905089,6,-1,6,0,1,0,6,6,0.06315789473684208,18,-20,-8,-1,2,-6,-2,-3,-0.04545454545454497,1,2,-4,-2,5,2,3,3,-2,0,0.08333333333333298,-1,-6,-4,-0.045335658238884025,7,-11.36,-0.034383691992387,5,0,5,-8,-7,-0.055555555555556024,0.7407407407407407,0.5228758169934622,1.08,0.5555555555555556,1.0,2.5,1.0,1.3333333333333333,0.75,0.5625000000000004,0.8461538461538461,0.8973063973063953,0.7608695652173914,0.8992094861660077,4.0,0.9545454545454546,1.4615384615384615,1.0,4503599627370496.0,0.0,1.3157894736842106,1.4285714285714286,1.0857142857142854,8.106479329266893e+16,0.8360655737704918,0.9259259259259259,0.9,1.125,0.875,0.9545454545454546,0.875,0.9166666666666671,1.0909090909090908,1.0588235294117647,0.6923076923076923,0.9574468085106383,2.0,2.0,2.0,1.0576923076923077,0.8333333333333334,1.0,1.1999999999999984,0.8571428571428571,0.8378378378378378,0.75,0.8951612903225802,3.152519739159347e+16,0.8856682769726248,0.9439940387481378,1.4166666666666667,0.0,1.4166666666666667,0.8518518518518519,0.7666666666666667,0.8999999999999989
3,0.2727272727272796,-10,-7,-6,-2,-3,6,5,0.19999999999999996,1,-0.03893932154801705,-3,-0.03798375537505905,-1,-7,-8,-7,1,1,-11,-6,0.188888888888889,11,-12,6,11,-1,0,-1,0,0.01587301587301504,-7,2,-6,-4,-5,0,-5,-9,-5,-3,-0.055555555555556024,0,8,0,-0.07322654462242495,5,-3.8400000000000034,-0.03846793211266197,0,0,0,-7,-3,0.018047579983592965,1.1153846153846154,1.1153846153846183,0.7297297297297297,0.6956521739130435,0.6,0.6666666666666666,0.25,2.5,3.5,1.3999999999999992,1.010989010989011,0.9331419196062345,0.9333333333333333,0.9231884057971024,0.6666666666666666,0.6111111111111112,0.6190476190476191,0.6111111111111112,4503599627370496.0,4503599627370496.0,0.45,0.5714285714285714,1.2698412698412695,4.953959590107546e+16,0.9,1.0606060606060606,3.75,0.9166666666666666,1.0,0.9722222222222222,1.0,1.0285714285714267,0.5882352941176471,1.0588235294117647,0.5714285714285714,0.9166666666666666,0.4444444444444444,0.9999999999999998,0.375,0.8421052631578947,0.6428571428571429,0.5714285714285714,0.8888888888888875,1.0,1.2105263157894737,1.0,0.8260869565217401,2.251799813685248e+16,0.9615230460921843,0.9360150062526053,1.0,0.9999999999999998,1.0,0.8679245283018868,0.896551724137931,1.0329835082458763
-6,0.5941176470588199,-16,4,1,6,-5,0,-1,-0.125,-6,0.01571566731141305,-3,-0.0014506769825920474,-1,-6,-5,-4,0,0,8,5,-0.11961722488038307,1,1,-7,3,-11,-10,-16,-5,0.10416666666666696,-3,5,-2,3,-5,0,-5,-2,-9,-2,0.15476190476190405,-2,16,2,-0.11058823529411799,-2,-2.480000000000004,0.02029142032634601,-7,0,-7,-22,-5,0.148245614035088,0.7931034482758621,1.3482758620689625,0.5675675675675675,1.3076923076923077,1.1111111111111112,4.0,0.16666666666666666,1.0,0.8333333333333334,0.833333333333333,0.9361702127659575,1.027873070325902,0.9333333333333333,0.9969696969696962,0.5,0.7,0.75,0.7777777777777778,0.0,0.0,1.7272727272727273,1.5,0.8684210526315784,1.1,1.0086206896551724,0.9385964912280702,1.2142857142857142,0.47619047619047616,0.8,0.6666666666666666,0.8,1.2000000000000002,0.8571428571428571,1.1785714285714286,0.8571428571428571,1.0714285714285714,0.5833333333333334,1.0,0.4444444444444444,0.9629629629629629,0.5714285714285714,0.7777777777777778,1.3611111111111083,0.7777777777777778,1.4705882352941178,1.125,0.7649999999999991,0.7142857142857143,0.9749089437474706,1.03457937905269,0.5625,0.9999999999999998,0.5882352941176471,0.6333333333333333,0.8275862068965517,1.3067150635208713
10,1.03787878787878,4,9,0,1,-1,0,2,0.28571428571428503,0,0.113924050632912,7,0.088607594936709,-2,-6,6,8,1,-1,-8,-2,0.22916666666666596,0,16,-16,4,-1,16,7,8,0.178571428571428,1,4,-4,0,-7,-1,-6,-7,-1,1,0.14545454545454495,-2,8,4,0.01328903654485003,0,-3.519999999999996,0.11536331658322696,3,-4,-1,-8,3,0.17424242424242403,1.588235294117647,1.7326203208556075,1.2666666666666666,2.125,1.0,1.5,0.6666666666666666,1.0,2.0,1.999999999999995,1.0,1.222222222222223,1.2121212121212122,1.2121212121212117,0.0,0.7272727272727273,1.375,1.5714285714285714,4503599627370496.0,0.0,0.6666666666666666,0.8823529411764706,1.323529411764704,1.0,1.163265306122449,0.8596491228070176,1.8,0.9375,1.8888888888888888,1.3333333333333333,1.8888888888888888,1.416666666666664,1.0714285714285714,1.16,0.6666666666666666,1.0,0.46153846153846156,0.6666666666666666,0.4,0.86,0.9090909090909091,1.2,1.3199999999999978,0.6,1.2285714285714286,1.2666666666666666,1.0310077519379828,1.0,0.9606967396159,1.2108558904733424,1.375,0.0,0.9166666666666666,0.8181818181818182,1.1666666666666667,1.4259259259259247
5,-0.47008547008546975,-18,1,8,0,-3,-8,-5,-0.028571428571428914,-1,0.007284148623363018,0,0.006281742849505889,-3,-11,-4,-1,0,1,-17,-12,-0.05128205128205099,3,-12,-13,-13,-10,-2,-10,-1,0.1365777080062791,-5,11,-5,6,-7,0,-7,-1,-3,-2,-0.04545454545454497,-7,8,0,-0.07575757575757602,-1,-8.480000000000004,-0.005901846546767953,3,1,4,-9,0,0.13445378151260512,1.2,0.8307692307692309,0.6086956521739131,1.0344827586206897,2.0,1.0,0.25,0.4666666666666667,0.4444444444444444,0.9523809523809514,0.9885057471264368,1.0116279069767442,1.0,1.0116279069767444,0.0,0.56,0.7777777777777778,0.9333333333333333,0.0,4503599627370496.0,0.43333333333333335,0.4,0.9230769230769231,2.5,0.9069767441860465,0.8785046728971962,0.4090909090909091,0.5,0.967741935483871,0.7959183673469388,0.967741935483871,1.2158808933002472,0.6153846153846154,1.3666666666666667,0.5,1.15,0.5333333333333333,1.0,0.36363636363636365,0.9818181818181818,0.7272727272727273,0.6666666666666666,0.9166666666666671,0.125,1.2222222222222223,1.0,0.8181818181818172,0.8333333333333334,0.9153692614770459,0.9908315500157183,1.3333333333333333,4503599627370496.0,1.4444444444444444,0.8235294117647058,1.0,1.214285714285714
1,-3.375,-1,-6,-6,3,-4,3,-2,-0.292307692307692,-6,-0.01776595744680809,-5,-0.023829787234042,1,3,-1,-2,1,0,6,5,0.03246753246753198,4,-5,2,-4,-1,-18,-17,-9,0.008245877061469065,7,1,4,5,-7,-2,-5,-2,2,1,-0.0117647058823529,-2,10,0,-0.08699633699633702,3,-3.3600000000000136,-0.005361379626016016,4,0,4,-16,-5,0.058292282430214115,1.0357142857142858,0.5178571428571429,0.9736842105263158,0.8,0.5714285714285714,1.3510798882111488e+16,0.42857142857142855,1.3,0.6666666666666666,0.5128205128205131,0.94,0.9679892658616066,0.8913043478260869,0.9481961147086039,4503599627370496.0,1.1363636363636365,0.9285714285714286,0.8571428571428571,4503599627370496.0,0.0,1.2727272727272727,1.3333333333333333,1.0476190476190466,1.8014398509481984e+16,0.9603174603174603,1.019047619047619,0.75,0.9473684210526315,0.64,0.6304347826086957,0.64,1.0151724137931026,1.3181818181818181,1.0294117647058822,1.3076923076923077,1.1063829787234043,0.5,0.3333333333333333,0.5454545454545454,0.9672131147540983,1.1333333333333333,1.1111111111111112,0.9803921568627448,0.7142857142857143,1.2380952380952381,1.0,0.807692307692307,1.3510798882111488e+16,0.9693654266958424,0.9906660933748974,2.3333333333333335,0.9999999999999998,2.0,0.7241379310344828,0.8148148148148148,1.1252204585537928
0,0.7538461538461503,-19,-6,1,5,3,-1,-3,-0.17032967032967106,3,-0.05606893106893096,-5,-0.07030469530469502,-2,1,0,2,1,0,1,-1,-0.10233918128654906,-12,-8,9,-7,-15,-16,-9,-8,-0.06942889137737995,-4,4,-9,-5,6,5,1,1,-3,0,0.09740259740259805,-5,16,3,-0.06794783802333498,-6,3.4399999999999977,-0.06028994237011798,-7,0,-7,-13,-8,-0.03149920255183403,1.0,1.5384615384615357,0.45714285714285713,0.6470588235294118,1.1,5.999999999999999,1.75,0.9285714285714286,0.7272727272727273,0.7832167832167821,1.0340909090909092,0.8950198737432778,0.8780487804878049,0.8491021173948006,0.3333333333333333,1.0666666666666667,1.0,1.2,4503599627370496.0,0.0,1.0555555555555556,0.9411764705882353,0.8916408668730654,0.25,0.9279279279279279,1.092783505154639,0.7307692307692307,0.5714285714285714,0.7142857142857143,0.8085106382978723,0.7142857142857143,0.8834586466165405,0.75,1.1333333333333333,0.5,0.8958333333333334,2.5,2.251799813685248e+16,1.25,1.0192307692307692,0.7857142857142857,1.0,1.2727272727272738,0.6153846153846154,1.5161290322580645,1.25,0.8244680851063839,0.3333333333333333,1.035863219349458,0.895801598700149,0.631578947368421,0.9999999999999998,0.65,0.7719298245614035,0.7241379310344828,0.9380877742946706
2,-0.52525252525253,-5,2,-1,1,-5,-6,-1,0.318681318681319,-4,0.003170289855072006,-2,-0.004528985507245953,3,10,4,1,0,-1,9,7,0.004705882352941004,12,4,4,-2,12,-4,3,-2,-0.086080586080586,1,-6,-5,-11,8,3,5,-3,-7,-1,0.10588235294117598,7,0,1,0.025641025641025994,10,-0.04000000000000625,0.018882069635605014,6,1,7,-4,-3,-0.01952995696789206,1.1111111111111112,0.6790123456790101,0.7619047619047619,1.3333333333333333,0.9090909090909091,1.9999999999999996,0.5,0.5384615384615384,0.8571428571428571,1.591836734693878,0.9583333333333334,1.0070778564206253,0.9473684210526315,0.9885583524027465,1.3510798882111488e+16,1.625,1.1818181818181819,1.0454545454545454,0.0,0.0,1.36,1.368421052631579,1.0061919504643957,3.4,1.0380952380952382,1.0363636363636364,0.8666666666666667,1.8571428571428572,0.9047619047619048,1.0769230769230769,0.9047619047619048,0.8401360544217684,1.0769230769230769,0.85,0.6875,0.8035714285714286,2.0,3.999999999999999,1.7142857142857142,0.953125,0.5882352941176471,0.8,1.3599999999999968,2.1666666666666665,1.0,1.1,1.1000000000000005,4.333333333333333,0.9996261682242991,1.0384834562097087,1.6,1.9999999999999996,1.6363636363636365,0.9298245614035088,0.8928571428571429,0.9602425876010765
4,0.71428571428571,-16,9,0,3,0,2,3,0.19191919191919204,-2,0.186111111111111,11,0.12995169082125602,0,-6,1,1,2,0,-3,3,0.18518518518518612,-8,35,19,8,-12,10,-10,5,0.2558941920644051,3,6,-6,0,-2,3,-5,-2,-6,1,0.25000000000000006,-6,15,10,0.166666666666666,-8,-3.3200000000000074,0.18555528684309097,-2,-1,-3,-17,1,0.18673835125448002,1.2222222222222223,1.55555555555555,0.5675675675675675,2.8,1.0,2.0,1.0,1.2222222222222223,1.75,1.4318181818181819,0.9782608695652174,1.4962962962962951,1.34375,1.3736111111111098,1.0,0.7777777777777778,1.0625,1.0714285714285714,9007199254740992.0,0.0,0.9,1.15,1.277777777777779,0.2,1.3932584269662922,1.2,2.0,0.4,1.2380952380952381,0.7872340425531915,1.2380952380952381,1.5727155727155724,1.1875,1.1764705882352942,0.625,1.0,0.8461538461538461,2.5,0.5454545454545454,0.9682539682539683,0.6666666666666666,1.1666666666666667,1.7499999999999998,0.4,1.5,3.0,1.9999999999999913,0.2,0.9684410646387832,1.4386610376605198,0.8461538461538461,0.0,0.7857142857142857,0.7258064516129032,1.037037037037037,1.4288065843621385
9,0.7912087912087902,21,30,5,1,0,4,0,-0.311688311688312,9,0.15624235006120002,16,0.12656058751529992,2,1,2,0,0,0,3,7,0.16428571428571392,-2,46,13,2,-15,12,4,6,0.08997289972899797,-5,10,-1,9,-7,-4,-3,2,-3,-2,-0.015384615384614997,-4,1,7,0.18907563025210006,-2,10.319999999999993,0.16028372609519292,-3,2,-1,8,9,0.08589743589743598,1.5,1.6153846153846123,1.5,2.3043478260869565,1.5555555555555556,1.9999999999999996,1.0,1.5714285714285714,1.0,0.6363636363636358,1.1046511627906976,1.3019515079834423,1.4210526315789473,1.2864265927977834,2.9999999999999996,1.0526315789473684,1.1176470588235294,1.0,0.0,0.0,1.12,1.35,1.2053571428571421,0.5,1.4220183486238531,1.1428571428571428,1.1176470588235294,0.4642857142857143,1.3,1.0975609756097562,1.3,1.1844444444444455,0.75,1.2777777777777777,0.9166666666666666,1.1875,0.46153846153846156,0.2,0.625,1.0327868852459017,0.7692307692307693,0.75,0.9750000000000003,0.5555555555555556,1.0294117647058822,1.5384615384615385,1.494505494505491,0.5,1.1063917525773195,1.2852756225914437,0.7857142857142857,9007199254740992.0,0.9285714285714286,1.1538461538461537,1.36,1.1786666666666663
12,0.6315789473684199,-6,35,3,3,-1,-2,-2,-0.050000000000000044,12,0.187581699346405,18,0.13333333333333303,0,-9,4,4,-1,0,-11,-9,-0.06349206349206404,-1,39,11,-5,9,2,-7,1,0.12865497076023402,-2,-7,-1,-8,3,1,2,-5,1,0,-0.03809523809523807,4,16,12,0.16930137684854699,-1,7.159999999999997,0.15530300909857697,0,0,0,-4,6,0.16249518675394703,1.631578947368421,1.6315789473684195,0.8125,18.5,1.3,2.0,0.8,0.8333333333333334,0.7777777777777778,0.933333333333333,1.1333333333333333,1.4625302175664767,1.5454545454545454,1.3636363636363618,1.0,0.5909090909090909,1.2352941176470589,1.2857142857142858,0.0,0.0,0.3888888888888889,0.35714285714285715,0.9183673469387745,0.0,1.4482758620689655,1.1145833333333333,0.7619047619047619,1.6428571428571428,1.04,0.8444444444444444,1.04,1.2315789473684207,0.8947368421052632,0.8372093023255814,0.9375,0.864406779661017,1.5,1.9999999999999996,1.4,0.9230769230769231,1.0714285714285714,1.0,0.933333333333333,1.5714285714285714,1.4324324324324325,2.7142857142857144,1.8948787061994612,0.0,1.0731209150326797,1.3495924287570722,1.0,0.9999999999999998,1.0,0.9245283018867925,1.2307692307692308,1.3312401883830454
-10,-0.5416666666666701,-31,-3,2,0,0,-6,-2,0.10989010989010906,5,-0.030994152046784018,2,-0.004093567251462038,2,-4,-2,-4,1,1,-9,-7,-0.030075187969923922,4,-7,-9,-7,-18,12,10,6,0.015350877192982892,11,6,4,10,-2,-1,-1,8,4,5,0.22916666666666702,-2,-5,-4,-0.04428904428904501,2,1.0400000000000063,-0.04005750792148499,-1,0,-1,10,6,0.017857142857143016,0.6666666666666666,0.7111111111111093,0.20512820512820512,0.7272727272727273,1.25,1.0,1.0,0.5384615384615384,0.6666666666666666,1.2380952380952355,1.0555555555555556,0.9473684210526305,1.0465116279069768,0.9914320685434511,9007199254740992.0,0.8,0.9047619047619048,0.8095238095238095,4503599627370496.0,4503599627370496.0,0.6785714285714286,0.65,0.9578947368421062,3.0,0.9444444444444444,0.925,0.5625,0.25,1.3,1.263157894736842,1.3,1.029166666666667,1.9166666666666667,1.1818181818181819,1.3333333333333333,1.2222222222222223,0.7777777777777778,0.5,0.8571428571428571,1.1481481481481481,1.3333333333333333,2.25,1.6875000000000007,0.7777777777777778,0.8863636363636364,0.8,0.9025641025641007,1.5,1.0101641907740422,0.9349415204678355,0.9375,0.0,0.9375,1.2173913043478262,1.2608695652173914,1.0357142857142856
-6,-0.7972027972028,-26,6,-1,11,-11,4,5,0.30000000000000004,-20,0.09452403266836196,1,0.10938545990092302,3,0,0,-3,1,0,0,8,0.30769230769230804,0,4,-4,11,3,18,-16,9,0.498708010335918,-16,9,-10,-1,-10,0,-10,-11,-9,-4,-0.06666666666666704,-3,-2,-6,-0.131332082551594,0,-20.0,0.13105559690231305,4,-2,2,-18,7,0.3364661654135341,0.75,0.634615384615383,0.3157894736842105,2.0,0.9,4.953959590107546e+16,0.0,1.6666666666666667,2.6666666666666665,1.5999999999999994,0.7938144329896907,1.2037518037518018,1.0277777777777777,1.2947330447330416,3.999999999999999,1.0,1.0,0.8571428571428571,1.5,0.0,1.0,1.5714285714285714,1.5714285714285718,1.0,1.0384615384615385,0.9629629629629629,2.5714285714285716,1.2727272727272727,1.75,0.627906976744186,1.75,2.7870370370370403,0.2,1.3,0.4117647058823529,0.9787234042553191,0.4117647058823529,1.0,0.23076923076923078,0.828125,0.4,0.3333333333333333,0.8333333333333319,0.6666666666666666,0.9512195121951219,0.6666666666666666,0.7008547008547019,1.0,0.8155662117299889,1.2733013255401306,1.4444444444444444,0.0,1.1818181818181819,0.6785714285714286,1.3888888888888888,2.046783625730995
