Selected_assists,Selected_assistsTurnoverRatio,Selected_benchPoints,Selected_biggestLead,Selected_biggestLeadScore,Selected_biggestScoringRun,Selected_biggestScoringRunScore,Selected_blocks,Selected_blocksReceived,Selected_fastBreakPointsAttempted,Selected_fastBreakPointsMade,Selected_fastBreakPointsPercentage,Selected_fieldGoalsAttempted,Selected_fieldGoalsEffectiveAdjusted,Selected_fieldGoalsMade,Selected_fieldGoalsPercentage,Selected_foulsOffensive,Selected_foulsDrawn,Selected_foulsPersonal,Selected_foulsTeam,Selected_foulsTechnical,Selected_foulsTeamTechnical,Selected_freeThrowsAttempted,Selected_freeThrowsMade,Selected_freeThrowsPercentage,Selected_leadChanges,Selected_minutes,Selected_minutesCalculated,Selected_points,Selected_pointsAgainst,Selected_pointsFastBreak,Selected_pointsFromTurnovers,Selected_pointsInThePaint,Selected_pointsInThePaintAttempted,Selected_pointsInThePaintMade,Selected_pointsInThePaintPercentage,Selected_pointsSecondChance,Selected_reboundsDefensive,Selected_reboundsOffensive,Selected_reboundsPersonal,Selected_reboundsTeam,Selected_reboundsTeamDefensive,Selected_reboundsTeamOffensive,Selected_reboundsTotal,Selected_secondChancePointsAttempted,Selected_secondChancePointsMade,Selected_secondChancePointsPercentage,Selected_steals,Selected_threePointersAttempted,Selected_threePointersMade,Selected_threePointersPercentage,Selected_timeLeading,Selected_timesTied,Selected_trueShootingAttempts,Selected_trueShootingPercentage,Selected_turnovers,Selected_turnoversTeam,Selected_turnoversTotal,Selected_twoPointersAttempted,Selected_twoPointersMade,Selected_twoPointersPercentage,Opponent_assists,Opponent_assistsTurnoverRatio,Opponent_benchPoints,Opponent_biggestLead,Opponent_biggestLeadScore,Opponent_biggestScoringRun,Opponent_biggestScoringRunScore,Opponent_blocks,Opponent_blocksReceived,Opponent_fastBreakPointsAttempted,Opponent_fastBreakPointsMade,Opponent_fastBreakPointsPercentage,Opponent_fieldGoalsAttempted,Opponent_fieldGoalsEffectiveAdjusted,Opponent_fieldGoalsMade,Opponent_fieldGoalsPercentage,Opponent_foulsOffensive,Opponent_foulsDrawn,Opponent_foulsPersonal,Opponent_foulsTeam,Opponent_foulsTechnical,Opponent_foulsTeamTechnical,Opponent_freeThrowsAttempted,Opponent_freeThrowsMade,Opponent_freeThrowsPercentage,Opponent_leadChanges,Opponent_minutes,Opponent_minutesCalculated,Opponent_points,Opponent_pointsAgainst,Opponent_pointsFastBreak,Opponent_pointsFromTurnovers,Opponent_pointsInThePaint,Opponent_pointsInThePaintAttempted,Opponent_pointsInThePaintMade,Opponent_pointsInThePaintPercentage,Opponent_pointsSecondChance,Opponent_reboundsDefensive,Opponent_reboundsOffensive,Opponent_reboundsPersonal,Opponent_reboundsTeam,Opponent_reboundsTeamDefensive,Opponent_reboundsTeamOffensive,Opponent_reboundsTotal,Opponent_secondChancePointsAttempted,Opponent_secondChancePointsMade,Opponent_secondChancePointsPercentage,Opponent_steals,Opponent_threePointersAttempted,Opponent_threePointersMade,Opponent_threePointersPercentage,Opponent_timeLeading,Opponent_timesTied,Opponent_trueShootingAttempts,Opponent_trueShootingPercentage,Opponent_turnovers,Opponent_turnoversTeam,Opponent_turnoversTotal,Opponent_twoPointersAttempted,Opponent_twoPointersMade,Opponent_twoPointersPercentage
29,1.70588235294118,40,24,89-113,10,59-71,15,4,14,9,0.642857142857143,89,0.662921348314607,51,0.573033707865168,3,16,13,10,0,0,21,14,0.666666666666666,4,PT240M00.00S,PT240M,132,122,24,22,60,49,30,0.612244897959184,14,38,10,48,7,2,5,55,9,6,0.666666666666666,10,32,16,0.5,PT45M26.00S,2,98.24,0.671824104234528,14,3,17,57,35,0.614035087719298,33,2.75,70,4,39-35,9,0-9,4,15,20,12,0.6,103,0.54368932038835,49,0.475728155339806,0,13,16,16,0,0,10,10,1.0,4,PT240M00.00S,PT240M,122,132,27,24,68,61,34,0.5573770491803279,14,28,8,36,8,2,6,44,11,5,0.45454545454545503,9,38,14,0.368421052631579,PT01M25.00S,2,107.4,0.567970204841713,11,1,12,65,35,0.538461538461538,132,122,1
34,5.66666666666667,49,35,96-131,13,41-69,1,7,14,8,0.5714285714285711,104,0.586538461538462,54,0.5192307692307689,1,15,20,19,0,0,13,9,0.692307692307692,7,PT240M00.00S,PT240M,131,98,17,32,60,49,30,0.612244897959184,18,37,16,53,9,4,5,62,17,8,0.470588235294118,12,41,14,0.341463414634146,PT42M50.00S,1,109.72,0.596974115931462,6,0,6,63,40,0.634920634920635,20,1.0,55,4,6-2,13,78-111,7,1,6,3,0.5,76,0.519736842105263,32,0.42105263157894696,3,20,15,12,0,0,22,19,0.863636363636364,7,PT240M00.00S,PT240M,98,131,9,2,26,24,13,0.541666666666667,10,29,4,33,6,4,2,39,4,4,1.0,3,35,15,0.428571428571429,PT03M34.00S,1,85.68,0.5718954248366009,19,1,20,41,17,0.41463414634146295,131,98,1
25,2.08333333333333,53,2,0-2,18,116-107,12,4,10,7,0.7,86,0.558139534883721,40,0.465116279069767,3,12,16,13,0,0,16,13,0.8125,5,PT240M00.00S,PT240M,109,118,19,19,40,34,20,0.5882352941176471,12,26,10,36,3,2,1,39,9,5,0.555555555555556,7,42,16,0.38095238095238104,PT02M12.00S,5,93.04,0.585769561478934,12,0,12,44,24,0.545454545454545,24,1.6,23,31,100-69,17,64-45,4,12,11,7,0.636363636363636,99,0.565656565656566,49,0.49494949494949503,1,16,12,11,0,0,10,6,0.6,5,PT240M00.00S,PT240M,118,109,16,18,56,49,28,0.5714285714285711,22,35,17,52,12,3,9,64,17,9,0.529411764705882,7,36,14,0.388888888888889,PT43M04.00S,5,103.4,0.570599613152805,12,3,15,63,35,0.555555555555556,109,118,0
27,2.25,28,1,3-2,11,11-26,4,5,7,3,0.428571428571429,93,0.489247311827957,37,0.397849462365591,2,4,8,6,0,0,0,0,0.0,2,PT240M00.00S,PT240M,91,104,7,16,34,31,17,0.5483870967741941,15,26,12,38,5,1,4,43,13,6,0.461538461538462,11,52,17,0.326923076923077,PT00M55.00S,1,93.0,0.48924731182795705,12,0,12,41,20,0.48780487804878,29,1.61111111111111,30,24,23-47,11,11-26,5,4,5,1,0.2,81,0.635802469135802,43,0.530864197530864,0,8,4,4,0,0,2,1,0.5,2,PT240M00.00S,PT240M,104,91,3,15,40,35,20,0.5714285714285711,13,39,10,49,3,1,2,52,10,5,0.5,6,36,17,0.472222222222222,PT46M30.00S,1,81.88,0.635075720566683,16,2,18,45,26,0.577777777777778,91,104,0
34,2.61538461538462,52,19,103-122,8,94-112,8,2,12,7,0.583333333333333,87,0.655172413793104,49,0.563218390804598,1,12,12,11,0,0,13,10,0.769230769230769,6,PT240M00.00S,PT240M,124,107,18,9,56,41,28,0.682926829268293,7,35,5,40,5,2,3,45,3,2,0.666666666666666,11,38,16,0.42105263157894696,PT42M48.00S,5,92.72,0.668679896462468,12,1,13,49,33,0.673469387755102,26,1.73333333333333,37,3,10-7,7,56-70,2,8,9,4,0.444444444444444,102,0.46078431372549,40,0.392156862745098,1,12,12,11,0,1,13,13,1.0,6,PT240M00.00S,PT240M,107,124,14,8,44,46,22,0.478260869565217,21,31,22,53,5,2,3,58,24,9,0.375,8,38,14,0.368421052631579,PT01M30.00S,5,107.72,0.49665800222799805,14,1,15,64,26,0.40625,124,107,1
25,3.125,43,19,79-98,13,92-98,4,3,8,2,0.25,89,0.49438202247191,38,0.426966292134831,0,15,11,11,0,0,18,13,0.722222222222222,5,PT240M00.00S,PT240M,101,100,6,8,38,29,19,0.6551724137931041,8,39,12,51,8,3,5,59,10,3,0.3,6,44,12,0.272727272727273,PT40M04.04S,2,96.92,0.521048287247214,7,1,8,45,26,0.577777777777778,21,3.0,21,5,8-3,13,92-98,3,4,10,5,0.5,99,0.46969696969697,38,0.38383838383838403,0,11,15,15,0,0,13,7,0.538461538461538,5,PT240M00.00S,PT240M,100,101,11,10,36,35,18,0.514285714285714,20,39,15,54,10,0,10,64,18,9,0.5,4,51,17,0.333333333333333,PT06M13.96S,2,104.72,0.47746371275783,7,0,7,48,21,0.4375,101,100,1
33,3.0,41,35,98-133,13,90-118,10,5,15,8,0.533333333333333,92,0.635869565217391,50,0.543478260869565,0,11,18,18,0,0,19,18,0.947368421052632,2,PT240M00.00S,PT240M,135,100,21,23,58,43,29,0.6744186046511631,27,35,11,46,7,1,6,53,14,12,0.857142857142857,7,40,17,0.425,PT43M45.00S,4,100.36,0.672578716620167,10,1,11,52,33,0.634615384615385,21,1.5,35,2,19-17,11,90-116,5,10,7,4,0.5714285714285711,81,0.462962962962963,35,0.432098765432099,0,18,11,11,0,0,28,25,0.892857142857143,2,PT240M00.00S,PT240M,100,135,11,13,54,51,27,0.529411764705882,11,26,5,31,8,0,8,39,7,3,0.428571428571429,8,24,5,0.208333333333333,PT01M01.00S,4,93.32,0.535790827261037,13,1,14,57,30,0.5263157894736841,135,100,1
28,2.54545454545455,37,19,98-79,12,98-79,3,2,8,2,0.25,89,0.589887640449438,43,0.48314606741573,2,15,15,13,0,0,16,13,0.8125,6,PT240M00.00S,PT240M,118,104,7,7,44,30,22,0.733333333333333,12,40,11,51,6,2,4,57,14,6,0.428571428571429,3,53,19,0.358490566037736,PT30M17.00S,7,96.04,0.6143273635985009,10,1,11,36,24,0.666666666666666,28,4.0,19,8,2-10,12,98-79,2,3,7,6,0.857142857142857,91,0.521978021978022,41,0.450549450549451,1,15,15,14,0,1,11,9,0.818181818181818,6,PT240M00.00S,PT240M,104,118,14,7,48,42,24,0.5714285714285711,9,32,8,40,4,2,2,44,7,4,0.5714285714285711,3,37,13,0.35135135135135104,PT14M11.00S,7,95.84,0.542570951585977,6,1,7,54,28,0.5185185185185179,118,104,1
27,2.07692307692308,17,22,92-70,10,86-68,7,3,4,1,0.25,82,0.567073170731707,39,0.475609756097561,0,12,13,13,1,1,12,11,0.916666666666666,1,PT240M00.00S,PT240M,104,92,4,8,38,34,19,0.5588235294117649,9,43,8,51,7,3,4,58,9,4,0.444444444444444,7,37,15,0.405405405405405,PT24M00.05S,4,87.28,0.595783684692942,12,1,13,45,24,0.533333333333333,22,2.44444444444444,12,11,23-34,9,13-23,3,7,11,7,0.636363636363636,86,0.47093023255814,34,0.39534883720930203,1,13,12,11,0,0,18,11,0.611111111111111,1,PT240M00.00S,PT240M,92,104,17,17,36,45,18,0.4,7,31,10,41,4,1,3,45,10,3,0.3,9,35,13,0.37142857142857105,PT22M16.95S,4,93.92,0.489778534923339,9,0,9,51,21,0.411764705882353,104,92,1
28,2.33333333333333,18,8,21-13,7,9-11,6,5,18,13,0.722222222222222,94,0.553191489361702,45,0.478723404255319,4,17,15,11,0,0,21,18,0.857142857142857,41,PT265M00.00S,PT265M,122,123,27,11,52,49,26,0.530612244897959,11,34,9,43,7,2,5,50,10,5,0.5,7,36,14,0.388888888888889,PT30M31.00S,14,103.24,0.590856257264626,12,0,12,58,31,0.5344827586206901,24,2.18181818181818,20,4,102-106,8,44-47,5,6,4,1,0.25,104,0.5625,51,0.490384615384615,0,15,17,17,3,2,10,6,0.6,41,PT265M00.00S,PT265M,123,122,2,15,60,47,30,0.638297872340426,28,36,17,53,6,2,4,59,17,12,0.705882352941176,5,44,15,0.340909090909091,PT17M25.98S,14,108.4,0.567343173431734,11,0,11,60,36,0.6,122,123,0
21,2.33333333333333,27,30,68-38,14,49-22,8,3,7,6,0.857142857142857,95,0.552631578947368,47,0.49473684210526303,0,18,16,16,0,0,19,13,0.68421052631579,7,PT240M00.00S,PT240M,118,120,12,15,56,46,28,0.608695652173913,17,26,12,38,11,2,9,49,13,7,0.538461538461538,7,38,11,0.289473684210526,PT41M25.00S,3,103.36,0.570820433436532,7,2,9,57,36,0.631578947368421,30,2.30769230769231,25,4,101-105,14,49-22,3,8,10,6,0.6,87,0.632183908045977,46,0.528735632183908,2,16,18,16,0,0,17,10,0.5882352941176471,7,PT240M00.00S,PT240M,120,118,15,20,50,44,25,0.568181818181818,18,29,15,44,9,4,5,53,13,7,0.538461538461538,5,36,18,0.5,PT04M19.00S,3,94.48,0.635055038103302,13,0,13,51,28,0.549019607843137,118,120,0
28,2.33333333333333,27,13,124-111,9,66-64,3,3,5,3,0.6,86,0.633720930232558,44,0.511627906976744,0,18,9,9,1,0,17,15,0.882352941176471,18,PT240M00.00S,PT240M,124,113,8,11,38,26,19,0.730769230769231,23,29,12,41,6,1,5,47,13,10,0.769230769230769,5,48,21,0.4375,PT36M57.94S,7,93.48,0.663243474540009,12,0,12,38,23,0.605263157894737,36,5.14285714285714,32,7,6-13,9,66-64,3,3,12,8,0.666666666666666,82,0.628048780487805,47,0.573170731707317,0,9,18,18,2,0,11,10,0.9090909090909091,18,PT240M00.00S,PT240M,113,124,17,14,54,42,27,0.642857142857143,2,26,3,29,4,1,3,33,4,1,0.25,7,24,9,0.375,PT07M09.02S,7,86.84,0.6506218332565641,7,0,7,58,38,0.6551724137931041,124,113,1
31,4.42857142857143,36,27,127-100,10,55-46,5,1,11,6,0.545454545454545,89,0.617977528089888,47,0.528089887640449,0,23,15,15,0,0,27,19,0.7037037037037039,15,PT240M00.00S,PT240M,129,102,17,27,58,41,29,0.707317073170732,9,27,8,35,9,3,6,44,7,3,0.428571428571429,9,45,16,0.355555555555556,PT36M10.00S,10,100.88,0.639373513084853,7,0,7,44,31,0.7045454545454539,25,1.31578947368421,25,6,28-34,10,55-46,1,5,11,9,0.818181818181818,83,0.560240963855422,42,0.506024096385542,4,15,23,19,0,0,13,9,0.692307692307692,15,PT240M00.00S,PT240M,102,129,19,10,60,45,30,0.666666666666666,17,34,8,42,9,2,7,51,10,8,0.8,4,31,9,0.290322580645161,PT07M48.00S,10,88.72,0.574842200180343,18,1,19,52,33,0.634615384615385,129,102,1
25,2.77777777777778,22,21,78-99,10,107-110,5,6,6,4,0.666666666666666,85,0.576470588235294,40,0.470588235294118,3,25,18,15,1,0,29,24,0.827586206896552,2,PT240M00.00S,PT240M,122,119,13,16,28,27,14,0.5185185185185179,14,26,11,37,6,2,4,43,9,5,0.555555555555556,6,40,18,0.45,PT46M16.00S,2,97.76,0.623977086743044,9,0,9,45,22,0.488888888888889,20,1.33333333333333,44,2,7-5,11,94-104,6,5,5,2,0.4,84,0.636904761904762,45,0.535714285714286,3,18,25,22,0,0,14,12,0.857142857142857,2,PT240M00.00S,PT240M,119,122,4,13,38,32,19,0.59375,17,32,9,41,7,3,4,48,10,8,0.8,3,35,17,0.485714285714286,PT00M13.00S,2,90.16,0.659937888198758,14,1,15,49,28,0.5714285714285711,122,119,1
30,2.72727272727273,19,29,75-104,9,16-24,8,3,12,8,0.666666666666666,95,0.568421052631579,43,0.452631578947368,0,15,9,9,0,0,13,11,0.846153846153846,8,PT240M00.00S,PT240M,119,94,19,12,40,39,20,0.512820512820513,17,38,15,53,6,2,4,59,14,6,0.428571428571429,8,49,22,0.44897959183673497,PT42M51.00S,3,100.72,0.590746624305004,9,2,11,46,21,0.456521739130435,21,1.61538461538462,42,3,10-7,9,16-24,3,8,13,7,0.538461538461538,84,0.482142857142857,36,0.428571428571429,2,9,15,13,0,1,15,13,0.866666666666667,8,PT240M00.00S,PT240M,94,119,16,13,48,41,24,0.585365853658536,13,35,8,43,2,0,2,45,8,6,0.75,6,29,9,0.310344827586207,PT03M35.00S,3,90.6,0.518763796909492,12,1,13,55,27,0.490909090909091,119,94,1
30,2.0,42,36,92-56,10,68-37,6,5,11,6,0.545454545454545,87,0.632183908045977,43,0.494252873563218,4,20,17,13,1,0,24,20,0.833333333333334,0,PT240M00.00S,PT240M,130,104,18,22,36,28,18,0.642857142857143,22,31,12,43,8,3,5,51,12,7,0.583333333333333,9,50,24,0.48,PT45M51.00S,3,97.56,0.666256662566626,14,1,15,37,19,0.5135135135135139,24,1.5,41,0,,9,41-23,5,6,8,4,0.5,89,0.51685393258427,41,0.460674157303371,3,17,20,17,1,0,14,12,0.857142857142857,0,PT240M00.00S,PT240M,104,130,8,11,54,44,27,0.613636363636364,15,30,10,40,7,1,6,47,11,7,0.636363636363636,3,34,10,0.29411764705882404,PT00M00.00S,3,95.16,0.546448087431694,16,0,16,55,31,0.563636363636364,130,104,1
31,3.1,18,20,75-95,11,65-79,5,3,12,9,0.75,89,0.668539325842696,47,0.528089887640449,1,12,13,12,0,0,11,8,0.7272727272727271,3,PT240M00.00S,PT240M,127,112,24,18,40,33,20,0.606060606060606,11,27,6,33,6,2,4,39,6,4,0.666666666666666,12,50,25,0.5,PT35M56.00S,3,93.84,0.676683716965047,8,2,10,39,22,0.564102564102564,27,1.92857142857143,19,8,26-18,8,30-33,3,5,10,4,0.4,99,0.53030303030303,47,0.47474747474747503,1,13,12,11,0,1,10,7,0.7,3,PT240M00.00S,PT240M,112,127,8,6,50,46,25,0.543478260869565,24,32,19,51,10,3,7,61,23,11,0.478260869565217,4,31,11,0.354838709677419,PT10M39.00S,3,103.4,0.541586073500967,13,1,14,68,36,0.529411764705882,127,112,1
25,2.77777777777778,19,22,113-91,20,113-91,8,7,11,6,0.545454545454545,92,0.576086956521739,43,0.467391304347826,2,18,14,12,0,0,19,17,0.894736842105263,6,PT240M00.00S,PT240M,123,107,14,16,44,35,22,0.628571428571428,22,32,14,46,7,2,5,53,17,9,0.529411764705882,5,49,20,0.408163265306122,PT45M03.00S,0,100.36,0.612793941809486,8,1,9,43,23,0.5348837209302321,23,2.3,42,5,2-7,20,113-91,7,8,3,2,0.666666666666666,86,0.563953488372093,41,0.47674418604651203,3,14,18,15,0,0,11,10,0.9090909090909091,6,PT240M00.00S,PT240M,107,123,7,8,40,45,20,0.444444444444444,10,29,9,38,6,3,3,44,8,4,0.5,4,32,15,0.46875,PT02M41.00S,0,90.84,0.588947600176134,10,0,10,54,26,0.481481481481481,123,107,1
34,11.3333333333333,35,24,121-97,11,56-50,10,5,14,10,0.714285714285714,100,0.565,49,0.49,0,11,11,11,0,0,12,8,0.666666666666666,4,PT240M00.00S,PT240M,121,99,23,19,60,49,30,0.612244897959184,17,31,14,45,11,3,8,56,16,7,0.4375,7,40,15,0.375,PT46M38.00S,1,105.28,0.574658054711246,3,0,3,60,34,0.566666666666667,23,2.09090909090909,31,2,5-7,11,56-50,5,10,7,3,0.428571428571429,87,0.505747126436782,39,0.44827586206896597,1,11,11,10,0,0,11,11,1.0,4,PT240M00.00S,PT240M,99,121,6,4,44,46,22,0.478260869565217,15,29,9,38,9,4,5,47,13,7,0.538461538461538,3,28,10,0.357142857142857,PT00M30.00S,1,91.84,0.538980836236934,11,0,11,59,29,0.49152542372881397,121,99,1
29,2.41666666666667,27,15,60-45,9,77-74,4,1,5,3,0.6,94,0.569148936170213,46,0.48936170212766,1,14,12,11,1,0,13,10,0.769230769230769,4,PT240M00.00S,PT240M,117,107,7,16,60,48,30,0.625,17,30,13,43,7,2,5,50,12,7,0.583333333333333,7,39,15,0.384615384615385,PT40M07.00S,8,99.72,0.586642599277978,12,0,12,55,31,0.563636363636364,21,1.4,16,4,14-18,9,77-74,1,4,9,4,0.444444444444444,87,0.557471264367816,44,0.505747126436782,2,12,14,12,0,0,16,10,0.625,4,PT240M00.00S,PT240M,107,117,12,8,56,43,28,0.651162790697674,8,31,10,41,9,2,7,50,9,3,0.333333333333333,6,31,9,0.290322580645161,PT04M28.00S,8,94.04,0.568906848149724,14,1,15,56,35,0.625,117,107,1
24,2.0,10,5,11-6,8,62-62,3,4,12,5,0.416666666666667,91,0.510989010989011,41,0.450549450549451,1,19,18,17,2,1,25,16,0.64,2,PT240M00.00S,PT240M,109,115,11,6,54,49,27,0.551020408163265,11,34,13,47,9,2,7,56,15,5,0.333333333333333,6,38,11,0.289473684210526,PT10M54.00S,6,102.0,0.534313725490196,12,0,12,53,30,0.566037735849057,27,3.375,28,12,80-92,8,62-62,4,3,11,7,0.636363636363636,90,0.522222222222222,45,0.5,0,18,19,19,2,0,22,21,0.9545454545454539,2,PT240M00.00S,PT240M,115,109,19,16,66,56,33,0.589285714285714,8,37,8,45,4,2,2,49,6,2,0.333333333333333,10,21,4,0.19047619047619002,PT34M43.00S,6,99.68,0.576845906902087,7,1,8,69,41,0.594202898550725,109,115,0
24,1.84615384615385,18,22,93-71,14,20-9,9,3,13,5,0.384615384615385,93,0.5,39,0.419354838709677,1,10,13,12,0,0,12,11,0.916666666666666,8,PT240M00.00S,PT240M,104,105,12,19,48,48,24,0.5,12,39,14,53,9,4,5,62,11,5,0.45454545454545503,6,38,15,0.394736842105263,PT40M49.06S,4,98.28,0.529100529100529,13,0,13,55,24,0.43636363636363595,28,3.11111111111111,42,4,99-103,12,18-9,3,9,8,2,0.25,90,0.544444444444444,39,0.433333333333333,0,13,10,10,0,0,11,7,0.636363636363636,8,PT240M00.00S,PT240M,105,104,7,17,32,41,16,0.390243902439024,14,34,8,42,6,2,4,48,9,6,0.666666666666666,11,42,20,0.476190476190476,PT04M10.94S,4,94.84,0.553563897089835,8,1,9,48,19,0.395833333333333,104,105,0
35,4.375,56,56,62-118,14,21-35,5,3,20,16,0.8,96,0.682291666666667,53,0.552083333333333,2,13,19,17,0,1,11,9,0.818181818181818,4,PT240M00.00S,PT240M,140,88,42,15,54,42,27,0.642857142857143,9,44,7,51,4,1,3,55,8,4,0.5,10,49,25,0.510204081632653,PT46M25.00S,4,100.84,0.694168980563268,7,1,8,47,28,0.595744680851064,24,1.41176470588235,55,2,10-8,12,21-33,3,5,11,6,0.545454545454545,92,0.429347826086957,36,0.39130434782608703,1,19,13,12,0,0,13,9,0.692307692307692,4,PT240M00.00S,PT240M,88,140,12,8,58,45,29,0.644444444444444,8,34,12,46,4,1,3,50,12,4,0.333333333333333,2,41,7,0.170731707317073,PT00M23.00S,4,97.72,0.450266066311912,17,0,17,51,29,0.568627450980392,140,88,1
33,3.66666666666667,33,28,110-138,8,3-8,8,4,9,6,0.666666666666666,94,0.664893617021276,52,0.553191489361702,1,12,15,14,0,0,13,13,1.0,1,PT240M00.00S,PT240M,138,110,18,13,62,45,31,0.688888888888889,15,38,9,47,4,3,1,51,9,7,0.777777777777778,4,43,21,0.48837209302325596,PT46M35.00S,1,99.72,0.69193742478941,9,0,9,51,31,0.607843137254902,20,2.5,20,3,3-0,8,103-127,4,8,14,4,0.28571428571428603,94,0.515957446808511,44,0.468085106382979,0,15,12,12,0,0,18,13,0.722222222222222,1,PT240M00.00S,PT240M,110,138,10,13,60,50,30,0.6,15,32,10,42,4,0,4,46,11,6,0.545454545454545,4,34,9,0.264705882352941,PT00M37.00S,1,101.92,0.539638932496075,7,1,8,60,35,0.583333333333333,138,110,1
21,1.5,15,20,95-115,17,89-108,9,5,12,9,0.75,74,0.560810810810811,39,0.527027027027027,2,23,16,14,1,0,37,34,0.918918918918919,10,PT240M00.00S,PT240M,117,99,28,11,64,47,32,0.6808510638297869,6,47,9,56,3,0,3,59,7,3,0.428571428571429,7,22,5,0.22727272727272702,PT33M45.96S,6,90.28,0.6479840496233941,14,0,14,52,34,0.653846153846154,20,2.0,45,7,11-4,15,89-106,5,9,5,3,0.6,94,0.468085106382979,37,0.393617021276596,0,16,23,23,0,0,12,11,0.916666666666666,10,PT240M00.00S,PT240M,99,117,10,15,42,46,21,0.456521739130435,6,20,8,28,9,6,3,37,9,3,0.333333333333333,6,42,14,0.333333333333333,PT11M05.00S,6,99.28,0.498589846897663,9,1,10,52,23,0.44230769230769196,117,99,1
27,3.85714285714286,20,20,97-77,10,88-71,4,3,7,4,0.5714285714285711,81,0.660493827160494,46,0.567901234567901,5,15,16,11,1,2,12,9,0.75,4,PT240M00.00S,PT240M,116,102,10,18,58,43,29,0.6744186046511631,8,25,11,36,3,2,1,39,10,3,0.3,8,35,15,0.428571428571429,PT38M46.00S,5,86.28,0.672229949003245,7,0,7,46,31,0.673913043478261,21,1.5,26,4,10-14,10,109-90,3,4,4,2,0.5,82,0.530487804878049,37,0.45121951219512196,1,16,15,14,0,0,16,15,0.9375,4,PT240M00.00S,PT240M,102,116,5,12,38,34,19,0.5588235294117649,18,24,15,39,6,2,4,45,17,7,0.411764705882353,1,38,13,0.342105263157895,PT05M39.00S,5,89.04,0.57277628032345,13,1,14,44,24,0.545454545454545,116,102,1
27,1.92857142857143,32,21,113-92,10,69-62,11,2,8,6,0.75,83,0.680722891566265,45,0.542168674698795,5,17,16,11,0,0,21,16,0.7619047619047621,5,PT240M00.00S,PT240M,129,112,14,20,30,24,15,0.625,6,31,5,36,7,3,4,43,5,3,0.6,10,47,23,0.48936170212766,PT42M57.00S,3,92.24,0.6992627927146571,13,1,14,36,22,0.611111111111111,30,2.30769230769231,25,3,59-62,10,31-25,2,11,6,2,0.333333333333333,94,0.521276595744681,44,0.468085106382979,1,16,17,16,1,0,16,14,0.875,5,PT240M00.00S,PT240M,112,129,6,17,50,52,25,0.480769230769231,14,32,13,45,7,2,5,52,14,6,0.428571428571429,6,28,10,0.357142857142857,PT02M15.06S,3,101.04,0.554235946159937,13,0,13,66,34,0.515151515151515,129,112,1
32,3.2,57,56,71-127,22,17-52,5,1,12,7,0.583333333333333,90,0.7,52,0.577777777777778,0,12,13,13,0,0,12,10,0.833333333333334,0,PT240M00.00S,PT240M,136,86,17,18,46,34,23,0.676470588235294,23,41,10,51,4,1,3,55,11,9,0.818181818181818,6,44,22,0.5,PT47M25.00S,0,95.28,0.713685978169605,8,2,10,46,30,0.652173913043478,27,2.25,57,0,,19,17-49,1,5,6,5,0.833333333333334,81,0.444444444444444,31,0.38271604938271603,1,13,12,11,0,0,15,14,0.933333333333333,0,PT240M00.00S,PT240M,86,136,12,10,32,34,16,0.470588235294118,6,25,6,31,5,2,3,36,7,2,0.28571428571428603,5,31,10,0.32258064516129,PT00M00.00S,0,87.6,0.490867579908676,11,1,12,50,21,0.42,136,86,1
31,2.21428571428571,12,23,93-70,11,72-52,1,3,8,6,0.75,83,0.608433734939759,43,0.518072289156626,3,21,24,21,0,0,23,17,0.739130434782609,5,PT240M00.00S,PT240M,118,110,14,14,50,34,25,0.735294117647059,7,32,7,39,11,4,7,50,10,3,0.3,6,37,15,0.405405405405405,PT44M45.00S,1,93.12,0.633591065292096,13,1,14,46,28,0.608695652173913,28,2.33333333333333,39,3,0-3,11,72-52,3,1,6,3,0.5,79,0.588607594936709,39,0.493670886075949,1,24,21,20,2,0,26,17,0.653846153846154,5,PT240M00.00S,PT240M,110,118,8,7,42,34,21,0.617647058823529,9,30,7,37,8,2,6,45,6,3,0.5,6,33,15,0.45454545454545503,PT02M48.00S,1,90.44,0.608137992038921,12,0,12,46,24,0.521739130434783,118,110,1
27,2.45454545454545,18,15,67-52,8,39-29,9,2,5,0,0.0,81,0.604938271604938,41,0.506172839506173,2,14,13,11,0,0,17,12,0.705882352941176,12,PT240M00.00S,PT240M,110,106,0,10,38,34,19,0.5588235294117649,19,36,6,42,9,1,8,51,8,7,0.875,1,39,16,0.41025641025641,PT41M45.00S,2,88.48,0.621609403254973,9,2,11,42,25,0.595238095238095,21,3.0,26,3,2-5,8,69-65,2,9,7,3,0.428571428571429,97,0.474226804123711,40,0.41237113402061804,0,13,14,14,0,0,15,14,0.933333333333333,12,PT240M00.00S,PT240M,106,110,8,13,50,49,25,0.510204081632653,23,31,14,45,7,0,7,52,17,8,0.470588235294118,4,40,12,0.3,PT04M24.00S,2,103.6,0.511583011583012,7,0,7,57,28,0.491228070175439,110,106,1
25,1.92307692307692,22,15,87-102,10,72-64,5,1,9,7,0.777777777777778,92,0.581521739130435,48,0.521739130434783,1,25,17,16,0,0,28,26,0.928571428571429,12,PT240M00.00S,PT240M,133,129,18,15,62,50,31,0.62,11,40,9,49,6,4,2,55,9,5,0.555555555555556,9,34,11,0.323529411764706,PT29M27.99S,11,104.32,0.637461656441718,13,0,13,58,37,0.637931034482759,32,2.66666666666667,31,8,33-25,10,72-64,1,5,17,12,0.705882352941176,95,0.578947368421053,45,0.473684210526316,1,17,25,24,0,1,21,19,0.904761904761905,12,PT240M00.00S,PT240M,129,133,36,15,42,37,21,0.567567567567568,3,34,5,39,4,1,3,43,6,1,0.166666666666667,8,47,20,0.425531914893617,PT13M40.01S,11,104.24,0.618764389869532,12,0,12,48,25,0.520833333333333,133,129,1
33,2.35714285714286,24,13,98-111,8,115-120,9,2,5,3,0.6,93,0.618279569892473,49,0.5268817204301081,3,13,16,13,0,0,11,10,0.9090909090909091,12,PT240M00.00S,PT240M,125,117,6,9,58,38,29,0.763157894736842,8,39,6,45,5,3,2,50,7,4,0.5714285714285711,6,49,17,0.346938775510204,PT33M36.00S,10,97.84,0.6387980376124279,14,0,14,44,32,0.7272727272727271,24,2.66666666666667,22,5,23-18,8,115-120,2,9,14,7,0.5,102,0.485294117647059,43,0.42156862745098,2,16,13,11,0,0,20,18,0.9,12,PT240M00.00S,PT240M,117,125,18,18,56,54,28,0.5185185185185179,18,36,13,49,7,1,6,56,12,8,0.666666666666666,8,41,13,0.317073170731707,PT10M17.04S,10,110.8,0.527978339350181,9,0,9,61,30,0.491803278688525,125,117,1
30,2.72727272727273,38,40,89-129,9,65-92,4,3,14,9,0.642857142857143,99,0.580808080808081,48,0.484848484848485,2,15,13,11,0,0,18,16,0.888888888888889,0,PT240M00.00S,PT240M,131,91,21,24,56,43,28,0.651162790697674,20,40,17,57,5,1,4,62,15,8,0.533333333333333,11,51,19,0.37254901960784303,PT47M50.00S,0,106.92,0.612607557052002,10,1,11,48,29,0.604166666666667,19,1.0,29,0,,9,65-92,3,4,7,3,0.428571428571429,92,0.440217391304348,35,0.380434782608696,2,13,15,13,0,0,12,10,0.833333333333334,0,PT240M00.00S,PT240M,91,131,7,13,38,43,19,0.441860465116279,9,29,16,45,5,3,2,50,16,4,0.25,5,38,11,0.289473684210526,PT00M00.00S,0,97.28,0.467722039473684,19,0,19,54,24,0.444444444444444,131,91,1
30,2.0,40,4,4-8,10,28-27,12,2,15,7,0.466666666666667,97,0.505154639175258,41,0.422680412371134,0,8,19,19,0,0,7,7,1.0,5,PT240M00.00S,PT240M,105,114,17,6,38,40,19,0.475,21,40,14,54,7,3,4,61,16,8,0.5,4,48,16,0.333333333333333,PT04M02.00S,2,100.08,0.5245803357314149,15,0,15,49,25,0.510204081632653,30,4.28571428571429,29,16,68-52,10,41-32,2,12,13,7,0.538461538461538,94,0.50531914893617,38,0.404255319148936,0,19,8,8,0,0,26,19,0.730769230769231,5,PT240M00.00S,PT240M,114,105,21,12,32,44,16,0.36363636363636404,12,37,15,52,6,1,5,58,14,4,0.28571428571428603,11,36,19,0.527777777777778,PT42M40.00S,2,105.44,0.5405918057663129,7,0,7,58,19,0.32758620689655205,105,114,0
25,2.08333333333333,16,20,59-79,9,33-50,9,2,12,6,0.5,87,0.637931034482759,47,0.540229885057471,2,21,16,14,0,0,22,18,0.818181818181818,8,PT240M00.00S,PT240M,129,124,17,8,44,36,22,0.611111111111111,6,33,7,40,6,3,3,46,8,3,0.375,6,36,17,0.472222222222222,PT45M42.00S,3,96.68,0.667149358709144,10,2,12,51,30,0.5882352941176471,33,4.125,33,1,3-2,7,55-74,2,9,10,4,0.4,108,0.518518518518518,50,0.46296296296296297,1,16,21,20,0,0,15,12,0.8,8,PT240M00.00S,PT240M,124,129,9,10,64,55,32,0.581818181818182,31,31,19,50,9,3,6,59,21,13,0.619047619047619,4,39,12,0.307692307692308,PT00M54.00S,3,114.6,0.5410122164048871,7,1,8,69,38,0.550724637681159,129,124,1
27,2.45454545454545,20,11,103-114,8,22-11,5,6,10,5,0.5,85,0.605882352941176,43,0.505882352941176,1,14,15,14,0,0,20,15,0.75,8,PT240M00.00S,PT240M,118,112,11,13,44,33,22,0.666666666666666,15,34,6,40,8,1,7,48,7,5,0.714285714285714,7,46,17,0.369565217391304,PT09M38.00S,3,93.8,0.628997867803838,11,0,11,39,26,0.666666666666666,21,1.75,22,17,44-27,9,14-8,6,5,7,3,0.428571428571429,91,0.56043956043956,46,0.5054945054945059,0,15,14,14,0,0,13,10,0.769230769230769,8,PT240M00.00S,PT240M,112,118,7,15,58,39,29,0.743589743589744,12,31,9,40,7,3,4,47,9,4,0.444444444444444,7,35,10,0.28571428571428603,PT36M41.00S,3,96.72,0.578990901571547,12,0,12,56,36,0.642857142857143,118,112,1
21,1.90909090909091,58,3,4-7,20,78-46,9,8,12,9,0.75,100,0.41,36,0.36,2,20,13,11,1,1,16,14,0.875,2,PT240M00.00S,PT240M,96,115,21,10,48,51,24,0.470588235294118,11,34,18,52,7,3,4,59,19,4,0.21052631578947398,2,40,10,0.25,PT03M35.00S,3,107.04,0.448430493273543,11,0,11,60,26,0.433333333333333,28,3.5,41,36,91-55,21,79-46,8,9,17,11,0.647058823529412,102,0.490196078431372,45,0.441176470588235,3,13,20,17,1,0,18,15,0.833333333333334,2,PT240M00.00S,PT240M,115,96,26,15,64,53,32,0.60377358490566,21,43,15,58,9,1,8,67,16,9,0.5625,8,40,10,0.25,PT43M17.00S,3,109.92,0.523107714701601,7,1,8,62,35,0.564516129032258,96,115,0
36,3.27272727272727,48,34,126-92,10,121-90,5,1,9,5,0.555555555555556,80,0.775,51,0.6375,1,12,10,9,0,0,20,19,0.95,1,PT240M00.00S,PT240M,143,110,14,7,44,28,22,0.785714285714286,12,41,6,47,4,1,3,51,7,5,0.714285714285714,4,40,22,0.55,PT46M28.00S,2,88.8,0.80518018018018,11,0,11,40,29,0.725,25,5.0,34,2,0-2,8,119-90,1,5,13,6,0.461538461538462,94,0.531914893617021,42,0.44680851063829796,0,10,12,12,0,0,13,10,0.769230769230769,1,PT240M00.00S,PT240M,110,143,15,12,42,37,21,0.567567567567568,13,20,11,31,3,1,2,34,10,6,0.6,7,42,16,0.38095238095238104,PT00M17.00S,2,99.72,0.551544324107501,4,1,5,52,26,0.5,143,110,1
26,4.33333333333333,12,16,90-74,8,79-64,8,4,13,5,0.384615384615385,88,0.551136363636364,41,0.465909090909091,1,20,20,19,0,0,30,22,0.733333333333333,7,PT240M00.00S,PT240M,119,110,15,10,42,34,21,0.617647058823529,11,39,5,44,14,4,10,58,8,4,0.5,7,46,15,0.326086956521739,PT35M20.00S,5,101.2,0.5879446640316199,6,0,6,42,26,0.619047619047619,24,2.4,29,7,12-19,6,12-19,4,8,13,7,0.538461538461538,97,0.515463917525773,43,0.443298969072165,0,20,20,20,1,0,14,10,0.714285714285714,7,PT240M00.00S,PT240M,110,119,18,6,50,47,25,0.5319148936170209,10,38,10,48,7,2,5,55,12,4,0.333333333333333,4,40,14,0.35,PT10M45.00S,5,103.16,0.533152384645211,10,0,10,57,29,0.508771929824561,119,110,1
31,1.9375,23,17,62-45,11,83-77,12,3,11,7,0.636363636363636,98,0.525510204081633,43,0.438775510204082,1,17,17,15,0,0,18,13,0.722222222222222,2,PT240M00.00S,PT240M,116,107,15,10,42,42,21,0.5,23,39,16,55,8,2,6,63,15,9,0.6,10,47,17,0.361702127659574,PT47M08.00S,1,105.92,0.547583081570997,16,0,16,51,26,0.509803921568627,26,1.73333333333333,22,1,2-3,11,83-77,3,12,15,7,0.466666666666667,94,0.48936170212766,41,0.436170212765958,0,17,17,16,1,0,22,15,0.681818181818182,2,PT240M00.00S,PT240M,107,116,16,14,60,54,30,0.555555555555556,10,38,11,49,8,0,8,57,11,5,0.45454545454545503,9,35,10,0.28571428571428603,PT00M09.00S,1,103.68,0.516010802469136,15,0,15,59,31,0.525423728813559,116,107,1
21,7.0,13,12,46-58,9,69-77,2,3,7,5,0.714285714285714,89,0.50561797752809,38,0.426966292134831,0,13,17,17,1,1,14,10,0.714285714285714,13,PT240M00.00S,PT240M,100,102,13,17,40,33,20,0.606060606060606,12,26,12,38,6,2,4,44,13,5,0.384615384615385,5,44,14,0.318181818181818,PT34M21.00S,8,95.16,0.5254308532997061,2,1,3,45,24,0.533333333333333,20,1.81818181818182,13,4,93-89,8,8-5,3,2,4,2,0.5,81,0.567901234567901,42,0.5185185185185179,1,17,13,12,0,0,13,10,0.769230769230769,13,PT240M00.00S,PT240M,102,100,4,2,36,25,18,0.72,15,37,10,47,6,2,4,53,11,6,0.545454545454545,0,31,8,0.258064516129032,PT09M50.00S,8,86.72,0.58809963099631,9,2,11,50,34,0.68,100,102,0
22,1.57142857142857,35,30,45-75,13,45-75,6,3,9,4,0.444444444444444,90,0.566666666666667,42,0.466666666666667,2,15,15,13,0,0,19,15,0.789473684210526,8,PT240M00.00S,PT240M,117,98,13,17,42,36,21,0.583333333333333,15,42,12,54,8,1,7,62,10,3,0.3,5,38,18,0.473684210526316,PT44M40.00S,3,98.36,0.594753965026434,12,2,14,52,24,0.461538461538462,26,2.6,27,2,7-5,13,45-75,3,6,14,5,0.357142857142857,93,0.456989247311828,39,0.419354838709677,0,15,15,15,0,1,16,13,0.8125,8,PT240M00.00S,PT240M,98,117,10,13,58,54,29,0.537037037037037,11,30,11,41,6,3,3,47,10,5,0.5,5,34,7,0.205882352941176,PT01M33.00S,3,100.04,0.489804078368653,10,0,10,59,32,0.542372881355932,117,98,1
20,1.53846153846154,17,14,94-80,13,86-75,7,2,8,5,0.625,82,0.5,33,0.40243902439024404,2,21,16,14,0,0,25,23,0.92,10,PT240M00.00S,PT240M,105,96,15,10,28,31,14,0.451612903225806,6,48,5,53,0,0,0,53,5,3,0.6,3,39,16,0.41025641025641,PT38M06.00S,8,93.0,0.564516129032258,12,1,13,43,17,0.39534883720930203,25,3.57142857142857,22,7,64-71,11,64-71,2,7,17,9,0.529411764705882,95,0.421052631578947,38,0.4,1,16,21,20,0,0,21,16,0.7619047619047621,10,PT240M00.00S,PT240M,96,105,30,15,60,55,30,0.545454545454545,4,43,9,52,8,3,5,60,10,2,0.2,6,32,4,0.125,PT05M38.00S,8,104.24,0.460475825019186,7,0,7,63,34,0.53968253968254,105,96,1
26,2.16666666666667,45,36,95-131,10,20-25,8,3,15,11,0.733333333333333,95,0.663157894736842,51,0.536842105263158,1,18,21,20,2,0,25,19,0.76,11,PT240M00.00S,PT240M,145,113,28,18,38,34,19,0.5588235294117649,13,40,10,50,8,4,4,58,11,5,0.45454545454545503,7,47,24,0.5106382978723399,PT39M41.03S,8,106.0,0.6839622641509441,11,1,12,48,27,0.5625,20,1.53846153846154,58,6,14-8,8,20-23,3,8,13,7,0.538461538461538,99,0.439393939393939,40,0.40404040404040403,0,21,18,18,2,0,30,26,0.866666666666667,11,PT240M00.00S,PT240M,113,145,21,13,54,55,27,0.490909090909091,20,35,15,50,5,1,4,55,15,8,0.533333333333333,10,30,7,0.233333333333333,PT05M47.97S,8,112.2,0.503565062388592,12,1,13,69,33,0.478260869565217,145,113,1
22,3.66666666666667,71,0,,23,23-54,5,6,7,5,0.714285714285714,91,0.423076923076923,34,0.373626373626374,1,22,13,12,0,0,30,25,0.833333333333334,0,PT240M00.00S,PT240M,102,135,13,9,46,45,23,0.511111111111111,13,25,6,31,13,2,11,44,11,6,0.545454545454545,5,35,9,0.257142857142857,PT00M00.00S,0,104.2,0.48944337811900196,6,0,6,56,25,0.446428571428571,34,3.09090909090909,54,43,42-85,25,23-56,6,5,12,7,0.583333333333333,92,0.66304347826087,52,0.565217391304348,3,13,22,19,1,2,16,13,0.8125,0,PT240M00.00S,PT240M,135,102,18,11,54,39,27,0.692307692307692,18,42,12,54,7,3,4,61,11,7,0.636363636363636,3,42,18,0.428571428571429,PT47M19.00S,0,99.04,0.68154281098546,9,2,11,50,34,0.68,102,135,0
21,2.625,17,10,18-28,9,109-111,4,6,8,3,0.375,90,0.538888888888889,39,0.433333333333333,1,27,19,17,0,1,31,30,0.967741935483871,14,PT265M00.00S,PT265M,127,120,9,19,34,32,17,0.53125,11,39,7,46,7,3,4,53,6,3,0.5,5,47,19,0.404255319148936,PT29M04.04S,11,103.64,0.61269780007719,8,0,8,43,20,0.465116279069767,22,2.44444444444444,29,9,104-95,7,11-13,6,4,5,3,0.6,95,0.536842105263158,44,0.463157894736842,2,19,27,24,0,0,20,18,0.9,14,PT265M00.00S,PT265M,120,127,6,6,50,45,25,0.555555555555556,7,39,8,47,5,2,3,52,8,3,0.375,4,34,14,0.411764705882353,PT19M44.91S,11,103.8,0.578034682080925,9,0,9,61,30,0.491803278688525,127,120,1
26,1.73333333333333,27,11,68-57,9,99-103,8,7,4,2,0.5,90,0.616666666666667,47,0.522222222222222,4,23,20,16,0,0,29,20,0.689655172413793,26,PT240M00.00S,PT240M,131,133,8,20,52,44,26,0.590909090909091,16,29,13,42,10,3,7,52,12,7,0.583333333333333,3,35,17,0.485714285714286,PT19M50.80S,15,102.76,0.637407551576489,15,0,15,55,30,0.545454545454545,29,2.23076923076923,75,7,103-110,9,99-103,7,8,6,2,0.333333333333333,91,0.631868131868132,48,0.527472527472528,2,20,23,21,1,0,22,18,0.818181818181818,26,PT240M00.00S,PT240M,133,131,11,20,44,39,22,0.564102564102564,14,30,9,39,8,2,6,47,12,5,0.416666666666667,6,40,19,0.475,PT21M52.17S,15,100.68,0.6605085419149781,13,0,13,51,29,0.568627450980392,131,133,0
26,1.44444444444444,32,19,116-97,10,58-52,6,2,8,4,0.5,90,0.6,46,0.511111111111111,4,18,20,16,0,0,19,10,0.5263157894736841,0,PT240M00.00S,PT240M,118,101,10,18,54,43,27,0.627906976744186,17,43,13,56,14,4,10,70,13,7,0.538461538461538,6,41,16,0.390243902439024,PT46M47.00S,0,98.36,0.599837332248882,17,1,18,49,30,0.612244897959184,23,2.55555555555556,42,0,,12,58-54,2,6,15,7,0.466666666666667,92,0.456521739130435,38,0.41304347826087,1,20,18,17,0,1,22,17,0.7727272727272729,0,PT240M00.00S,PT240M,101,118,19,24,54,43,27,0.627906976744186,14,28,10,38,4,2,2,42,7,5,0.714285714285714,12,42,8,0.19047619047619002,PT00M00.00S,0,101.68,0.496656176239182,9,0,9,50,30,0.6,118,101,1
24,1.71428571428571,40,36,18-54,17,15-42,8,2,15,9,0.6,90,0.527777777777778,39,0.433333333333333,0,24,23,23,1,0,36,31,0.861111111111111,0,PT240M00.00S,PT240M,126,97,26,26,40,37,20,0.540540540540541,15,47,9,56,7,2,5,63,9,5,0.555555555555556,9,49,17,0.346938775510204,PT47M29.00S,0,105.84,0.595238095238095,12,2,14,41,22,0.536585365853659,23,1.27777777777778,46,0,,17,15-42,2,8,12,5,0.416666666666667,94,0.393617021276596,34,0.361702127659574,2,23,24,22,0,0,34,23,0.676470588235294,0,PT240M00.00S,PT240M,97,126,14,14,50,53,25,0.47169811320754695,11,41,16,57,7,1,6,64,14,4,0.28571428571428603,11,34,6,0.176470588235294,PT00M00.00S,0,108.96,0.445117474302496,18,0,18,60,28,0.466666666666667,126,97,1
33,2.35714285714286,18,3,55-52,10,102-110,10,10,9,5,0.555555555555556,92,0.53804347826087,42,0.456521739130435,3,22,15,12,0,1,29,24,0.827586206896552,2,PT240M00.00S,PT240M,123,127,15,18,46,45,23,0.511111111111111,16,30,17,47,9,1,8,56,21,7,0.333333333333333,7,40,15,0.375,PT02M14.00S,7,104.76,0.587056128293242,14,0,14,52,27,0.5192307692307689,34,2.83333333333333,29,18,90-108,8,61-66,10,10,8,6,0.75,91,0.626373626373626,48,0.527472527472528,0,15,22,22,0,0,17,13,0.764705882352941,2,PT240M00.00S,PT240M,127,123,15,16,50,41,25,0.6097560975609759,4,28,10,38,8,2,6,46,9,2,0.222222222222222,7,40,18,0.45,PT40M21.00S,7,98.48,0.644800974817222,10,2,12,51,30,0.5882352941176471,123,127,0
29,2.63636363636364,47,37,119-82,9,79-55,7,1,8,5,0.625,95,0.61578947368421,51,0.536842105263158,0,17,12,12,0,0,22,17,0.7727272727272729,0,PT240M00.00S,PT240M,134,101,11,21,58,45,29,0.644444444444444,17,44,13,57,4,1,3,61,12,7,0.583333333333333,6,42,15,0.357142857142857,PT46M46.00S,1,104.68,0.6400458540313341,10,1,11,53,36,0.679245283018868,28,1.75,38,0,,8,21-12,1,7,15,9,0.6,94,0.48936170212766,40,0.425531914893617,0,12,17,17,0,0,12,9,0.75,0,PT240M00.00S,PT240M,101,134,22,14,50,41,25,0.6097560975609759,4,30,9,39,6,3,3,45,6,2,0.333333333333333,6,45,12,0.266666666666667,PT00M00.00S,1,99.28,0.5086623690572121,12,4,16,49,28,0.5714285714285711,134,101,1
29,1.8125,24,20,20-40,12,20-40,6,6,7,3,0.428571428571429,88,0.585227272727273,43,0.48863636363636404,3,15,17,14,0,0,20,17,0.85,7,PT240M00.00S,PT240M,120,118,7,4,52,44,26,0.590909090909091,21,39,13,52,7,3,4,59,12,8,0.666666666666666,3,39,17,0.43589743589743596,PT38M15.00S,4,96.8,0.619834710743802,16,0,16,49,26,0.530612244897959,29,5.8,31,4,7-3,12,20-40,6,6,9,5,0.555555555555556,95,0.552631578947368,44,0.463157894736842,0,17,15,15,0,1,20,13,0.65,7,PT240M00.00S,PT240M,118,120,14,22,48,42,24,0.5714285714285711,13,29,9,38,9,2,7,47,9,6,0.666666666666666,10,44,17,0.38636363636363596,PT07M39.00S,4,103.8,0.56840077071291,4,1,5,51,27,0.529411764705882,120,118,1
25,2.08333333333333,19,8,117-125,10,100-106,4,4,12,6,0.5,99,0.54040404040404,48,0.484848484848485,0,21,15,15,0,0,25,21,0.84,9,PT265M00.00S,PT265M,128,122,14,27,66,52,33,0.634615384615385,17,32,11,43,4,0,4,47,14,7,0.5,10,39,11,0.282051282051282,PT09M42.01S,9,110.0,0.581818181818182,12,0,12,60,37,0.616666666666667,27,1.42105263157895,31,21,64-43,10,50-37,4,4,11,5,0.45454545454545503,101,0.544554455445545,48,0.475247524752475,1,15,21,20,0,0,19,12,0.631578947368421,9,PT265M00.00S,PT265M,122,128,11,17,54,44,27,0.613636363636364,31,38,19,57,11,2,9,68,19,14,0.736842105263158,7,43,14,0.325581395348837,PT38M10.00S,9,109.36,0.557790782735918,18,1,19,58,34,0.586206896551724,128,122,1
31,3.875,18,18,30-12,12,12-0,7,1,13,8,0.615384615384615,91,0.576923076923077,46,0.5054945054945059,2,19,17,15,0,1,28,21,0.75,4,PT240M00.00S,PT240M,126,115,23,19,58,40,29,0.725,13,33,11,44,6,1,5,50,11,6,0.545454545454545,8,42,13,0.30952380952381,PT45M24.00S,5,103.32,0.6097560975609759,8,0,8,49,33,0.673469387755102,24,2.0,31,2,60-62,12,12-0,1,7,9,5,0.555555555555556,90,0.55,43,0.477777777777778,1,17,19,18,0,0,21,16,0.7619047619047621,4,PT240M00.00S,PT240M,115,126,14,3,50,47,25,0.5319148936170209,9,30,13,43,11,6,5,54,11,4,0.36363636363636404,4,32,13,0.40625,PT01M21.00S,5,99.24,0.579403466344216,12,0,12,58,30,0.517241379310345,126,115,1
33,3.3,47,39,145-106,13,95-62,5,4,10,6,0.6,94,0.654255319148936,49,0.521276595744681,1,24,19,18,0,0,28,22,0.785714285714286,4,PT240M00.00S,PT240M,145,108,21,13,46,37,23,0.6216216216216219,23,36,15,51,9,1,8,60,16,9,0.5625,4,53,25,0.47169811320754695,PT45M06.00S,3,106.32,0.681903686982694,9,1,10,41,24,0.585365853658536,25,2.27272727272727,55,1,9-10,13,95-62,4,5,6,6,1.0,89,0.52247191011236,41,0.460674157303371,2,19,24,22,0,0,15,15,1.0,4,PT240M00.00S,PT240M,108,145,13,4,50,44,25,0.568181818181818,8,25,9,34,5,3,2,39,10,4,0.4,4,34,11,0.323529411764706,PT01M05.00S,3,95.6,0.5648535564853561,10,1,11,55,30,0.545454545454545,145,108,1
35,3.88888888888889,33,30,144-114,13,24-23,10,8,16,12,0.75,92,0.673913043478261,51,0.554347826086957,1,15,17,16,0,0,24,20,0.833333333333334,9,PT240M00.00S,PT240M,144,119,30,14,48,39,24,0.615384615384615,18,36,14,50,4,1,3,54,14,6,0.428571428571429,6,42,22,0.5238095238095241,PT33M51.00S,8,102.56,0.702028081123245,9,0,9,50,29,0.58,29,4.14285714285714,47,12,11-23,13,24-23,8,10,7,3,0.428571428571429,91,0.587912087912088,43,0.47252747252747196,0,17,15,15,1,0,23,12,0.521739130434783,9,PT240M00.00S,PT240M,119,144,6,10,40,42,20,0.476190476190476,20,25,12,37,13,3,10,50,13,8,0.615384615384615,4,44,21,0.47727272727272696,PT10M02.13S,8,101.12,0.588409810126582,7,0,7,47,22,0.468085106382979,144,119,1
28,3.5,27,17,87-70,9,34-22,5,5,16,8,0.5,114,0.486842105263158,47,0.412280701754386,1,15,13,12,0,0,17,15,0.882352941176471,6,PT265M00.00S,PT265M,126,132,19,12,56,49,28,0.5714285714285711,19,37,18,55,9,3,6,64,19,7,0.368421052631579,6,58,17,0.293103448275862,PT43M40.00S,4,121.48,0.518603885413237,8,0,8,56,30,0.535714285714286,29,2.9,50,6,126-132,8,54-56,5,5,12,5,0.416666666666667,109,0.55045871559633,50,0.45871559633027503,1,13,15,14,0,1,14,12,0.857142857142857,6,PT265M00.00S,PT265M,132,126,15,9,54,48,27,0.5625,13,41,18,59,7,4,3,66,18,6,0.333333333333333,4,50,20,0.4,PT04M26.00S,4,115.16,0.573115665161514,10,0,10,59,30,0.508474576271186,126,132,0
18,1.28571428571429,21,23,87-110,8,33-37,10,4,16,10,0.625,95,0.563157894736842,45,0.473684210526316,2,16,19,17,1,0,8,7,0.875,1,PT240M00.00S,PT240M,114,97,23,6,44,42,22,0.5238095238095241,17,45,10,55,6,1,5,61,12,7,0.583333333333333,4,36,17,0.472222222222222,PT32M36.00S,2,98.52,0.578562728380024,14,0,14,59,28,0.47457627118644097,18,2.0,31,10,16-6,8,33-37,4,10,13,6,0.461538461538462,89,0.443820224719101,34,0.382022471910112,1,19,16,15,0,0,24,18,0.75,1,PT240M00.00S,PT240M,97,114,14,15,34,38,17,0.447368421052632,11,33,10,43,8,3,5,51,6,2,0.333333333333333,7,36,11,0.305555555555556,PT13M43.00S,2,99.56,0.487143431096826,8,1,9,53,23,0.43396226415094297,114,97,1
31,2.81818181818182,47,25,91-116,9,58-79,7,2,11,7,0.636363636363636,92,0.619565217391304,48,0.521739130434783,3,22,22,19,0,0,20,14,0.7,5,PT240M00.00S,PT240M,128,111,18,26,52,37,26,0.7027027027027031,15,25,9,34,10,3,7,44,9,4,0.444444444444444,14,42,18,0.428571428571429,PT39M15.08S,2,100.8,0.634920634920635,10,1,11,50,30,0.6,25,1.19047619047619,33,7,7-0,8,24-32,2,7,10,4,0.4,87,0.563218390804598,42,0.482758620689655,3,22,22,19,0,0,18,13,0.722222222222222,5,PT240M00.00S,PT240M,111,128,8,17,52,47,26,0.553191489361702,17,32,13,45,11,2,9,56,14,7,0.5,5,35,14,0.4,PT08M01.00S,2,94.92,0.5847029077117569,21,0,21,52,28,0.538461538461538,128,111,1
22,1.69230769230769,20,14,39-53,7,7-14,8,1,5,4,0.8,85,0.582352941176471,43,0.505882352941176,0,18,15,15,0,1,20,17,0.85,0,PT240M00.00S,PT240M,116,107,18,21,50,38,25,0.6578947368421051,16,31,13,44,2,1,1,46,12,7,0.583333333333333,7,36,13,0.361111111111111,PT47M35.00S,1,93.8,0.618336886993604,13,0,13,49,30,0.612244897959184,21,1.3125,39,0,,7,75-80,1,8,6,3,0.5,83,0.548192771084337,40,0.481927710843374,4,15,18,14,1,0,17,16,0.941176470588235,0,PT240M00.00S,PT240M,107,116,11,20,50,42,25,0.595238095238095,14,30,9,39,4,1,3,43,7,5,0.714285714285714,7,33,11,0.333333333333333,PT00M00.00S,1,90.48,0.591290893015031,16,0,16,50,29,0.58,116,107,1
23,1.53333333333333,21,10,108-118,11,18-4,9,4,9,3,0.333333333333333,84,0.55952380952381,38,0.452380952380952,1,18,13,12,0,0,26,26,1.0,9,PT240M00.00S,PT240M,120,113,9,19,34,32,17,0.53125,13,33,12,45,8,4,4,53,12,5,0.416666666666667,9,44,18,0.409090909090909,PT15M16.00S,7,95.44,0.628667225481978,13,2,15,40,20,0.5,27,2.07692307692308,19,15,25-10,11,18-4,4,9,9,4,0.444444444444444,92,0.581521739130435,44,0.478260869565217,1,13,18,17,1,0,9,6,0.666666666666666,9,PT240M00.00S,PT240M,113,120,9,15,34,35,17,0.485714285714286,15,29,6,35,9,1,8,44,8,6,0.75,6,45,19,0.422222222222222,PT29M14.00S,7,95.96,0.588786994581076,12,1,13,47,25,0.5319148936170209,120,113,1
24,3.0,24,20,79-99,10,79-99,5,3,8,6,0.75,91,0.631868131868132,48,0.527472527472528,0,20,19,19,2,0,21,18,0.857142857142857,6,PT240M00.00S,PT240M,133,123,13,14,52,39,26,0.666666666666666,13,26,8,34,6,2,4,40,9,6,0.666666666666666,8,47,19,0.404255319148936,PT42M36.98S,6,100.24,0.66340782122905,7,1,8,44,29,0.6590909090909091,28,2.0,41,4,51-47,9,95-106,3,5,10,6,0.6,88,0.585227272727273,44,0.5,1,19,20,19,0,1,27,20,0.740740740740741,6,PT240M00.00S,PT240M,123,133,15,7,50,43,25,0.581395348837209,21,32,12,44,13,2,11,57,12,9,0.75,4,37,15,0.405405405405405,PT02M56.02S,6,99.88,0.615738886663997,13,1,14,51,29,0.568627450980392,133,123,1
27,1.5,21,9,55-46,12,55-46,9,4,10,4,0.4,97,0.536082474226804,46,0.474226804123711,4,15,19,15,0,0,12,8,0.666666666666666,16,PT240M00.00S,PT240M,112,122,10,10,56,44,28,0.636363636363636,20,43,13,56,10,2,8,66,14,8,0.5714285714285711,5,41,12,0.292682926829268,PT13M20.00S,15,102.28,0.547516621040282,17,1,18,56,34,0.607142857142857,28,4.66666666666667,33,11,74-85,10,74-85,4,9,10,5,0.5,94,0.558510638297872,43,0.45744680851063796,1,19,15,14,0,0,21,17,0.8095238095238101,16,PT240M00.00S,PT240M,122,112,14,17,44,48,22,0.458333333333333,9,34,7,41,3,0,3,44,7,4,0.5714285714285711,8,40,19,0.475,PT28M17.00S,15,103.24,0.590856257264626,6,0,6,54,24,0.444444444444444,112,122,0
25,1.25,30,8,36-44,8,99-95,8,5,11,8,0.7272727272727271,77,0.61038961038961,39,0.506493506493506,0,24,18,18,2,0,36,31,0.861111111111111,16,PT240M00.00S,PT240M,125,119,19,26,42,35,21,0.6,14,36,10,46,6,2,4,52,8,5,0.625,10,33,16,0.484848484848485,PT27M13.94S,17,92.84,0.673201206376562,20,0,20,44,23,0.522727272727273,16,1.0,31,7,61-54,8,61-54,5,8,14,5,0.357142857142857,94,0.542553191489362,43,0.45744680851063796,1,18,24,23,1,1,23,17,0.739130434782609,16,PT240M00.00S,PT240M,119,125,14,23,50,51,25,0.49019607843137203,16,27,15,42,6,2,4,48,11,5,0.45454545454545503,16,35,16,0.457142857142857,PT13M25.05S,17,104.12,0.5714560122935081,16,0,16,59,27,0.457627118644068,125,119,1
36,2.25,29,35,81-116,12,13-25,9,7,14,7,0.5,90,0.638888888888889,47,0.522222222222222,2,13,18,16,0,0,12,9,0.75,2,PT240M00.00S,PT240M,124,97,16,13,46,35,23,0.6571428571428569,16,41,11,52,9,3,6,61,9,6,0.666666666666666,6,49,21,0.428571428571429,PT42M07.00S,5,95.28,0.65071368597817,16,0,16,41,26,0.634146341463415,25,3.125,35,3,8-5,9,13-22,7,9,11,4,0.36363636363636404,90,0.483333333333333,39,0.433333333333333,0,18,13,13,0,0,18,10,0.555555555555556,2,PT240M00.00S,PT240M,97,124,13,16,42,43,21,0.48837209302325596,13,28,9,37,7,1,6,44,9,5,0.555555555555556,11,28,9,0.321428571428571,PT01M16.00S,5,97.92,0.495302287581699,8,0,8,62,30,0.483870967741936,124,97,1
24,1.84615384615385,29,20,58-78,8,29-33,3,4,9,2,0.222222222222222,95,0.510526315789474,42,0.442105263157895,4,17,19,15,0,0,20,16,0.8,0,PT240M00.00S,PT240M,113,103,8,26,46,40,23,0.575,17,40,18,58,8,2,6,66,16,7,0.4375,9,47,13,0.276595744680851,PT47M43.00S,0,103.8,0.544315992292871,12,1,13,48,29,0.604166666666667,15,0.9375,29,0,,13,77-83,4,3,15,7,0.466666666666667,88,0.517045454545455,36,0.409090909090909,3,19,17,14,2,0,19,12,0.631578947368421,0,PT240M00.00S,PT240M,103,113,18,14,34,28,17,0.607142857142857,8,32,11,43,7,1,6,50,12,3,0.25,5,53,19,0.358490566037736,PT00M00.00S,0,96.36,0.534454130344541,15,1,16,35,17,0.485714285714286,113,103,1
17,1.13333333333333,24,12,60-48,14,62-64,4,3,10,5,0.5,76,0.453947368421053,31,0.407894736842105,5,28,18,13,2,0,37,27,0.7297297297297299,7,PT240M00.00S,PT240M,96,113,15,25,40,34,20,0.5882352941176471,8,27,4,31,16,5,11,47,6,4,0.666666666666666,10,29,7,0.241379310344828,PT26M41.00S,3,92.28,0.5201560468140439,14,1,15,47,24,0.5106382978723399,23,1.27777777777778,57,17,96-113,17,62-67,3,4,9,4,0.444444444444444,85,0.570588235294118,43,0.505882352941176,2,18,28,26,2,1,22,16,0.7272727272727271,7,PT240M00.00S,PT240M,113,96,10,14,60,50,30,0.6,21,35,13,48,8,5,3,56,10,7,0.7,5,28,11,0.392857142857143,PT18M17.00S,3,94.68,0.59674693705112,18,0,18,57,32,0.56140350877193,96,113,0
27,1.8,31,21,33-54,10,0-10,5,2,12,5,0.416666666666667,84,0.625,44,0.5238095238095241,1,19,15,14,1,0,17,14,0.823529411764706,0,PT240M00.00S,PT240M,119,116,12,14,46,34,23,0.676470588235294,9,39,4,43,4,1,3,47,5,4,0.8,3,42,17,0.40476190476190504,PT47M50.00S,0,91.48,0.65041539134237,15,0,15,42,27,0.642857142857143,23,2.55555555555556,22,0,,12,59-67,2,5,11,4,0.36363636363636404,101,0.50990099009901,45,0.445544554455446,2,15,19,17,0,0,17,13,0.764705882352941,0,PT240M00.00S,PT240M,116,119,9,16,58,55,29,0.527272727272727,19,34,13,47,9,2,7,56,14,8,0.5714285714285711,9,34,13,0.382352941176471,PT00M00.00S,0,108.48,0.534660766961652,9,0,9,67,32,0.477611940298507,119,116,1
19,1.26666666666667,29,18,53-35,10,53-35,8,7,6,3,0.5,97,0.515463917525773,42,0.43298969072165,1,18,15,14,0,0,28,18,0.642857142857143,7,PT265M00.00S,PT265M,118,121,9,12,46,36,23,0.638888888888889,20,37,11,48,13,1,12,61,10,7,0.7,6,50,16,0.32,PT40M48.02S,6,109.32,0.539699963410172,13,2,15,47,26,0.553191489361702,29,2.23076923076923,24,4,7-11,9,34-25,7,8,18,10,0.555555555555556,104,0.504807692307692,46,0.44230769230769196,1,15,18,17,0,1,17,16,0.941176470588235,7,PT265M00.00S,PT265M,121,118,24,15,60,60,30,0.5,20,40,17,57,6,2,4,63,17,10,0.5882352941176471,9,39,13,0.333333333333333,PT09M12.00S,6,111.48,0.542698241837101,13,0,13,65,33,0.507692307692308,118,121,0
20,1.17647058823529,27,10,50-40,9,33-27,10,5,8,3,0.375,77,0.532467532467532,35,0.45454545454545503,8,21,19,11,1,0,25,20,0.8,18,PT240M00.00S,PT240M,102,100,9,18,42,42,21,0.5,12,36,9,45,10,4,6,55,10,5,0.5,6,31,12,0.387096774193548,PT38M17.00S,7,88.0,0.579545454545455,17,0,17,46,23,0.5,28,2.54545454545455,21,3,24-27,9,33-27,5,10,7,3,0.428571428571429,95,0.478947368421053,37,0.389473684210526,1,19,21,20,0,0,10,9,0.9,18,PT240M00.00S,PT240M,100,102,7,19,32,37,16,0.432432432432432,21,28,14,42,9,4,5,51,14,8,0.5714285714285711,7,44,17,0.38636363636363596,PT07M50.00S,7,99.4,0.503018108651911,9,2,11,51,20,0.392156862745098,102,100,1
29,2.63636363636364,27,16,65-49,9,38-34,4,1,10,7,0.7,92,0.543478260869565,42,0.456521739130435,2,11,13,11,1,1,9,8,0.888888888888889,11,PT240M00.00S,PT240M,108,105,15,11,40,35,20,0.5714285714285711,10,36,8,44,4,1,3,48,9,4,0.444444444444444,5,46,16,0.347826086956522,PT28M05.05S,5,95.96,0.562734472696957,10,1,11,46,26,0.565217391304348,29,2.23076923076923,20,8,16-24,9,38-34,1,4,7,5,0.714285714285714,87,0.551724137931034,42,0.482758620689655,1,13,11,10,0,0,14,9,0.642857142857143,11,PT240M00.00S,PT240M,105,108,12,15,54,48,27,0.5625,4,36,5,41,12,4,8,53,8,2,0.25,4,33,12,0.36363636363636404,PT17M06.00S,5,93.16,0.563546586517819,13,0,13,54,30,0.555555555555556,108,105,1
23,2.3,21,17,39-22,10,30-18,8,1,8,5,0.625,88,0.579545454545455,42,0.47727272727272696,1,14,15,14,0,0,19,15,0.789473684210526,11,PT240M00.00S,PT240M,117,107,17,10,40,32,20,0.625,18,33,12,45,7,3,4,52,12,7,0.583333333333333,7,50,18,0.36,PT37M01.04S,5,96.36,0.607098381070984,9,1,10,38,24,0.631578947368421,18,2.0,19,5,57-62,10,30-18,1,8,6,3,0.5,85,0.523529411764706,39,0.458823529411765,1,15,14,13,1,0,22,18,0.818181818181818,11,PT240M00.00S,PT240M,107,117,10,13,54,48,27,0.5625,16,31,10,41,7,3,4,48,8,6,0.75,5,30,11,0.366666666666667,PT09M10.96S,5,94.68,0.5650612589776091,9,0,9,55,28,0.509090909090909,117,107,1
27,2.45454545454545,19,17,97-114,7,67-72,3,2,7,4,0.5714285714285711,79,0.626582278481013,40,0.506329113924051,0,16,22,22,1,0,16,15,0.9375,16,PT240M00.00S,PT240M,114,98,9,15,34,28,17,0.607142857142857,15,29,8,37,6,2,4,43,10,6,0.6,3,43,19,0.441860465116279,PT24M52.03S,5,86.04,0.662482566248256,11,0,11,36,21,0.583333333333333,17,1.41666666666667,15,8,37-29,7,88-98,2,3,7,2,0.28571428571428603,79,0.512658227848101,33,0.417721518987342,2,22,16,14,0,1,24,17,0.708333333333334,16,PT240M00.00S,PT240M,98,114,5,16,18,21,9,0.428571428571429,14,25,12,37,13,3,10,50,11,5,0.45454545454545503,5,35,15,0.428571428571429,PT19M33.97S,5,89.56,0.547119249665029,8,4,12,44,18,0.409090909090909,114,98,1
30,2.30769230769231,28,30,73-103,16,26-40,4,1,7,4,0.5714285714285711,86,0.633720930232558,47,0.5465116279069769,0,14,14,14,0,1,13,8,0.615384615384615,5,PT240M00.00S,PT240M,117,94,9,10,60,39,30,0.769230769230769,8,41,5,46,8,4,4,54,8,4,0.5,1,44,15,0.340909090909091,PT37M29.03S,5,91.72,0.637810728303532,12,1,13,42,32,0.7619047619047621,25,2.77777777777778,33,6,12-6,14,26-38,1,4,7,5,0.714285714285714,91,0.43956043956044,35,0.384615384615385,0,14,14,14,0,0,16,14,0.875,5,PT240M00.00S,PT240M,94,117,12,14,42,45,21,0.466666666666667,6,30,7,37,11,5,6,48,9,3,0.333333333333333,8,37,10,0.27027027027027,PT08M37.00S,5,98.04,0.479396164830681,8,1,9,54,25,0.46296296296296297,117,94,1
29,3.625,37,24,92-116,8,5-12,3,3,13,4,0.307692307692308,94,0.537234042553192,41,0.436170212765958,1,25,13,12,1,0,28,20,0.714285714285714,4,PT240M00.00S,PT240M,121,107,12,18,32,29,16,0.551724137931034,29,35,17,52,7,1,6,59,17,10,0.5882352941176471,5,52,19,0.365384615384615,PT46M26.00S,3,106.32,0.569036869826938,7,1,8,42,22,0.5238095238095241,26,2.16666666666667,60,1,3-2,9,27-27,3,3,8,6,0.75,85,0.535294117647059,38,0.447058823529412,3,13,25,22,0,1,18,16,0.888888888888889,4,PT240M00.00S,PT240M,107,121,13,2,32,32,16,0.5,5,37,9,46,5,1,4,51,6,0,0.0,0,37,15,0.405405405405405,PT00M33.00S,3,92.92,0.5757640981489449,10,2,12,48,23,0.479166666666667,121,107,1
28,2.15384615384615,16,11,35-24,11,15-10,6,7,13,8,0.615384615384615,91,0.478021978021978,36,0.395604395604396,1,16,13,12,1,0,19,16,0.8421052631578949,4,PT240M00.00S,PT240M,103,106,19,20,40,38,20,0.5263157894736841,12,34,9,43,10,5,5,53,11,5,0.45454545454545503,8,47,15,0.319148936170213,PT12M22.08S,3,99.36,0.518317230273752,12,1,13,44,21,0.47727272727272696,20,1.42857142857143,20,15,87-102,11,71-83,7,6,20,9,0.45,95,0.489473684210526,42,0.442105263157895,0,13,16,16,1,0,15,13,0.866666666666667,4,PT240M00.00S,PT240M,106,103,24,14,56,48,28,0.583333333333333,19,44,12,56,4,0,4,60,12,8,0.666666666666666,7,34,9,0.264705882352941,PT34M06.00S,3,101.6,0.521653543307087,12,2,14,61,33,0.540983606557377,103,106,0
20,1.11111111111111,16,8,48-40,10,88-85,2,5,7,6,0.857142857142857,92,0.451086956521739,36,0.39130434782608703,3,26,26,23,0,0,34,26,0.764705882352941,17,PT265M00.00S,PT265M,109,114,13,26,38,42,19,0.452380952380952,14,34,11,45,16,4,12,61,10,4,0.4,13,39,11,0.282051282051282,PT23M46.97S,13,106.96,0.509536275243082,16,2,18,53,25,0.47169811320754695,26,1.08333333333333,27,7,74-81,9,17-21,5,2,8,7,0.875,85,0.594117647058824,44,0.51764705882353,4,26,26,22,0,0,25,13,0.52,17,PT265M00.00S,PT265M,114,109,18,20,46,35,23,0.6571428571428569,9,39,6,45,11,2,9,56,7,3,0.428571428571429,7,37,13,0.35135135135135104,PT20M15.05S,13,96.0,0.59375,23,1,24,48,31,0.645833333333334,109,114,0
22,2.0,21,14,119-105,9,45-41,6,5,11,7,0.636363636363636,90,0.561111111111111,43,0.477777777777778,2,21,17,15,2,0,27,23,0.8518518518518521,2,PT240M00.00S,PT240M,124,114,16,8,52,37,26,0.7027027027027031,19,40,10,50,11,5,6,61,12,7,0.583333333333333,4,45,15,0.333333333333333,PT43M17.05S,2,101.88,0.60855908912446,11,0,11,45,28,0.622222222222222,22,3.66666666666667,29,5,36-41,8,70-66,5,6,11,3,0.272727272727273,100,0.515,43,0.43,0,17,21,21,0,1,17,11,0.647058823529412,2,PT240M00.00S,PT240M,114,124,7,16,38,33,19,0.575757575757576,9,32,10,42,11,3,8,53,10,4,0.4,4,52,17,0.326923076923077,PT02M54.00S,2,107.48,0.530331224413844,5,1,6,48,26,0.541666666666667,124,114,1
27,2.07692307692308,63,53,102-155,14,6-18,2,6,11,6,0.545454545454545,95,0.673684210526316,54,0.5684210526315789,3,20,19,16,0,0,28,27,0.964285714285714,2,PT240M00.00S,PT240M,155,104,19,13,52,45,26,0.577777777777778,15,46,11,57,6,1,5,63,10,6,0.6,5,35,20,0.5714285714285711,PT46M45.00S,2,107.32,0.7221393961982859,11,2,13,60,34,0.566666666666667,26,2.88888888888889,60,2,6-4,12,6-16,6,2,12,6,0.5,101,0.48019801980198,46,0.455445544554456,1,19,20,19,0,0,12,7,0.583333333333333,2,PT240M00.00S,PT240M,104,155,14,12,70,52,35,0.673076923076923,8,23,8,31,8,3,5,39,9,4,0.444444444444444,6,37,5,0.135135135135135,PT00M34.00S,2,106.28,0.489273616861122,9,0,9,64,41,0.640625,155,104,1
31,1.63157894736842,26,37,108-71,13,37-11,6,4,10,7,0.7,102,0.593137254901961,51,0.5,3,13,21,18,0,0,7,5,0.714285714285714,0,PT240M00.00S,PT240M,126,107,16,23,52,38,26,0.68421052631579,17,36,15,51,9,2,7,60,15,8,0.533333333333333,11,53,19,0.358490566037736,PT47M11.00S,0,105.08,0.599543205177008,18,1,19,49,32,0.653061224489796,26,1.73333333333333,44,0,,10,34-11,4,6,11,7,0.636363636363636,87,0.511494252873563,39,0.44827586206896597,1,21,13,12,0,0,26,18,0.692307692307692,0,PT240M00.00S,PT240M,107,126,18,30,48,38,24,0.631578947368421,11,29,11,40,9,2,7,49,10,3,0.3,12,36,11,0.305555555555556,PT00M00.00S,0,98.44,0.543478260869565,15,0,15,51,28,0.549019607843137,126,107,1
20,1.33333333333333,8,8,101-109,10,26-13,6,6,7,4,0.5714285714285711,95,0.557894736842105,45,0.473684210526316,2,16,19,17,1,1,19,13,0.68421052631579,6,PT240M00.00S,PT240M,119,111,9,6,52,48,26,0.541666666666667,23,39,16,55,7,1,6,62,16,9,0.5625,7,39,16,0.41025641025641,PT21M15.00S,6,103.36,0.575657894736842,15,0,15,56,29,0.517857142857143,24,2.0,20,13,26-13,10,26-13,6,6,7,3,0.428571428571429,89,0.51685393258427,38,0.426966292134831,1,19,16,15,0,0,23,19,0.826086956521739,6,PT240M00.00S,PT240M,111,119,9,16,36,41,18,0.439024390243902,16,34,11,45,4,0,4,49,9,6,0.666666666666666,8,33,16,0.484848484848485,PT24M05.00S,6,99.12,0.559927360774818,12,0,12,56,22,0.392857142857143,119,111,1
18,1.38461538461538,12,12,27-15,9,104-101,11,0,10,8,0.8,77,0.558441558441558,37,0.48051948051948,4,22,22,18,3,0,26,22,0.846153846153846,4,PT240M00.00S,PT240M,108,104,18,14,42,27,21,0.777777777777778,4,39,7,46,7,4,3,53,6,2,0.333333333333333,6,39,12,0.307692307692308,PT38M35.00S,6,88.44,0.610583446404342,13,0,13,38,25,0.6578947368421051,24,2.18181818181818,38,6,93-99,10,64-63,0,11,6,3,0.5,97,0.463917525773196,36,0.371134020618557,1,22,22,21,2,0,26,14,0.538461538461538,4,PT240M00.00S,PT240M,104,108,7,11,24,43,12,0.27906976744186,20,30,17,47,17,4,13,64,15,6,0.4,9,41,18,0.439024390243902,PT04M48.00S,6,108.44,0.479527849502029,9,2,11,56,18,0.321428571428571,108,104,1
